Workbook

Sheet Kendaraan
B2: Client | E2: : | F2: =#REF! -> #REF!
B3: Period | E3: : | F3: 44196
B4: Schedule | E4: : | F4: Tes Perhitungan Beban Penyusutan Aset Tetap
B6: No | C6: Tanggal Perolehan | E6: Deskripsi | G6: Tarif | I6: Harga Perolehan | M6: PAJE/CAJE/RJE | P6: Life | T6: Beginning of Depreciation | V6: Ending of Depreciation | X6: Penyusutan per Bulan | AA6: 44926 | AF6: 45291 | AK6: 45657 | AP6: 46022 | AU6: 46387
D7: Tanggal TA | I7: 43100 | J7: Penambahan | K7: Pengurangan | L7: 43465 | M7: Dr | N7: Cr | O7: =L7 -> 43465 | P7: Awal | R7: Penyesuaian | T7: Month | U7: Year | V7: Month | W7: Year | AA7: Bulan | AB7: Beban Penyusutan | AC7: Akumulasi Penyusutan | AD7: Nilai Buku | AF7: Bulan | AG7: Beban Penyusutan | AH7: Akumulasi Penyusutan | AI7: Nilai Buku | AK7: Bulan | AL7: Beban Penyusutan | AM7: Akumulasi Penyusutan | AN7: Nilai Buku | AP7: Bulan | AQ7: Beban Penyusutan | AR7: Akumulasi Penyusutan | AS7: Nilai Buku | AU7: Bulan | AV7: Beban Penyusutan | AW7: Akumulasi Penyusutan | AX7: Nilai Buku | AZ7: TOTAL | BA7: JAN | BB7: FEB | BC7: MAR | BD7: APR | BE7: MAY | BF7: JUNE | BG7: JUL | BH7: AUG | BI7: SEP | BJ7: OCT | BK7: NOV | BL7: DEC
G8: Awal | H8: Penyesuaian | L8: Unaudited | O8: Audited | P8: Year | Q8: Month | R8: Year | S8: Month | X8: Awal | Y8: Penyesuaian | AZ8: 2026
C10: Kendaraan
C12: 41243 | E12: Toyota Kijang Inova Diesel B 1022 KOF | G12: 0.25 | H12: 0.125 | I12: 278911510 | L12: =I12+J12-K12 -> 278911510 | O12: =L12+M12-N12 -> 278911510 | P12: =100%/G12 -> 4 | Q12: =P12*12 -> 48 | R12: =100%/H12 -> 8 | S12: =R12*12 -> 96 | T12: =MONTH(C12) -> 11 | U12: =YEAR(C12) -> 2012 | V12: =IF(T12=1, 12, T12-1) -> 10 | W12: =IF(T12=1,U12+R12-1,U12+R12) -> 2020 | X12: =I12/Q12 -> 5810656.5 | AA12: 0 | AB12: 0 | AC12: 278911510 | AD12: =O12-AC12 -> 0 | AF12: 0 | AG12: =AF12*AB12 -> 0 | AH12: =AC12+AG12 -> 278911510 | AI12: =O12-AH12 -> 0 | AK12: 0 | AL12: =AK12*Y12 -> 0 | AM12: =AH12+AL12 -> 278911510 | AN12: =O12-AM12 -> 0 | AP12: 0 | AQ12: =AP12*AD12 -> 0 | AR12: =AM12+AQ12 -> 278911510 | AS12: =O12-AR12 -> 0 | AU12: 0 | AV12: =AU12*AI12 -> 0 | AW12: =AR12+AV12 -> 278911510 | AX12: =O12-AW12 -> 0 | AZ12: =SUM(BA12:BL12) -> 0 | BA12: =+Y12*0 -> 0 | BB12: =+Y12*0 -> 0 | BC12: =+Y12*0 -> 0 | BD12: =+Y12*0 -> 0 | BE12: =+Y12*0 -> 0 | BF12: =+Y12*0 -> 0 | BG12: =+Y12*0 -> 0 | BH12: =+Y12*0 -> 0 | BI12: =+Y12*0 -> 0 | BJ12: =+Y12*0 -> 0 | BK12: =+Y12*0 -> 0 | BL12: =+Y12*0 -> 0
C13: 41243 | E13: Toyota Avanza Veloz B.1024 KOF | G13: 0.25 | H13: 0.125 | I13: 193897458 | L13: =I13+J13-K13 -> 193897458 | O13: =L13+M13-N13 -> 193897458 | P13: =100%/G13 -> 4 | Q13: =P13*12 -> 48 | R13: =100%/H13 -> 8 | S13: =R13*12 -> 96 | T13: =MONTH(C13) -> 11 | U13: =YEAR(C13) -> 2012 | V13: =IF(T13=1, 12, T13-1) -> 10 | W13: =IF(T13=1,U13+R13-1,U13+R13) -> 2020 | X13: =I13/Q13 -> 4039530.4 | AA13: 0 | AB13: 0 | AC13: 193897458 | AD13: =O13-AC13 -> 0 | AF13: 0 | AG13: =AF13*AB13 -> 0 | AH13: =AC13+AG13 -> 193897458 | AI13: =O13-AH13 -> 0 | AK13: 0 | AL13: =AK13*Y13 -> 0 | AM13: =AH13+AL13 -> 193897458 | AN13: =O13-AM13 -> 0 | AP13: 0 | AQ13: =AP13*AD13 -> 0 | AR13: 0 | AS13: 0 | AU13: 0 | AV13: =AU13*AI13 -> 0 | AW13: 0 | AX13: 0 | AZ13: =SUM(BA13:BL13) -> 0 | BA13: =+Y13*0 -> 0 | BB13: =+Y13*0 -> 0 | BC13: =+Y13*0 -> 0 | BD13: =+Y13*0 -> 0 | BE13: =+Y13*0 -> 0 | BF13: =+Y13*0 -> 0 | BG13: =+Y13*0 -> 0 | BH13: =+Y13*0 -> 0 | BI13: =+Y13*0 -> 0 | BJ13: =+Y13*0 -> 0 | BK13: =+Y13*0 -> 0 | BL13: =+Y13*0 -> 0
C14: 41243 | E14: Toyota Avanza 1,5 G B 1023 KOF | G14: 0.25 | H14: 0.125 | I14: 176885845 | L14: =I14+J14-K14 -> 176885845 | O14: =L14+M14-N14 -> 176885845 | P14: =100%/G14 -> 4 | Q14: =P14*12 -> 48 | R14: =100%/H14 -> 8 | S14: =R14*12 -> 96 | T14: =MONTH(C14) -> 11 | U14: =YEAR(C14) -> 2012 | V14: =IF(T14=1, 12, T14-1) -> 10 | W14: =IF(T14=1,U14+R14-1,U14+R14) -> 2020 | X14: =I14/Q14 -> 3685121.8 | AA14: 0 | AB14: 0 | AC14: 176885845 | AD14: =O14-AC14 -> 0 | AF14: 0 | AG14: =AF14*AB14 -> 0 | AH14: =AC14+AG14 -> 176885845 | AI14: =O14-AH14 -> 0 | AK14: 0 | AL14: =AK14*Y14 -> 0 | AM14: =AH14+AL14 -> 176885845 | AN14: =O14-AM14 -> 0 | AP14: 0 | AQ14: =AP14*AD14 -> 0 | AR14: 0 | AS14: 0 | AU14: 0 | AV14: =AU14*AI14 -> 0 | AW14: 0 | AX14: 0 | AZ14: =SUM(BA14:BL14) -> 0 | BA14: =+Y14*0 -> 0 | BB14: =+Y14*0 -> 0 | BC14: =+Y14*0 -> 0 | BD14: =+Y14*0 -> 0 | BE14: =+Y14*0 -> 0 | BF14: =+Y14*0 -> 0 | BG14: =+Y14*0 -> 0 | BH14: =+Y14*0 -> 0 | BI14: =+Y14*0 -> 0 | BJ14: =+Y14*0 -> 0 | BK14: =+Y14*0 -> 0 | BL14: =+Y14*0 -> 0
C15: 41248 | E15: Toyota Avanza 1,5 G B 1002 KOG | G15: 0.25 | H15: 0.125 | I15: 175911139 | L15: =I15+J15-K15 -> 175911139 | O15: =L15+M15-N15 -> 175911139 | P15: =100%/G15 -> 4 | Q15: =P15*12 -> 48 | R15: =100%/H15 -> 8 | S15: =R15*12 -> 96 | T15: =MONTH(C15) -> 12 | U15: =YEAR(C15) -> 2012 | V15: =IF(T15=1, 12, T15-1) -> 11 | W15: =IF(T15=1,U15+R15-1,U15+R15) -> 2020 | X15: =I15/Q15 -> 3664815.4 | AA15: 0 | AB15: 0 | AC15: 175911139 | AD15: =O15-AC15 -> 0 | AF15: 0 | AG15: =AF15*AB15 -> 0 | AH15: =AC15+AG15 -> 175911139 | AI15: =O15-AH15 -> 0 | AK15: 0 | AL15: =AK15*Y15 -> 0 | AM15: =AH15+AL15 -> 175911139 | AN15: =O15-AM15 -> 0 | AQ15: =AP15*AD15 -> 0 | AR15: 0 | AS15: 0 | AV15: =AU15*AI15 -> 0 | AW15: 0 | AX15: 0 | AZ15: =SUM(BA15:BL15) -> 0 | BA15: =+Y15*0 -> 0 | BB15: =+Y15*0 -> 0 | BC15: =+Y15*0 -> 0 | BD15: =+Y15*0 -> 0 | BE15: =+Y15*0 -> 0 | BF15: =+Y15*0 -> 0 | BG15: =+Y15*0 -> 0 | BH15: =+Y15*0 -> 0 | BI15: =+Y15*0 -> 0 | BJ15: =+Y15*0 -> 0 | BK15: =+Y15*0 -> 0 | BL15: =+Y15*0 -> 0
C16: 41320 | E16: Motor Honda B 3576 KJO | G16: 0.25 | H16: 0.125 | I16: 11760273 | L16: =I16+J16-K16 -> 11760273 | O16: =L16+M16-N16 -> 11760273 | P16: =100%/G16 -> 4 | Q16: =P16*12 -> 48 | R16: =100%/H16 -> 8 | S16: =R16*12 -> 96 | T16: =MONTH(C16) -> 2 | U16: =YEAR(C16) -> 2013 | V16: =IF(T16=1, 12, T16-1) -> 1 | W16: =IF(T16=1,U16+R16-1,U16+R16) -> 2021 | X16: =I16/Q16 -> 245005.69 | Y16: 5000.1161 | AA16: 0 | AB16: 0 | AC16: 11760273 | AD16: =O16-AC16 -> 0 | AF16: 0 | AG16: =AF16*AB16 -> 0 | AH16: =AC16+AG16 -> 11760273 | AI16: =O16-AH16 -> 0 | AK16: 0 | AL16: =AK16*Y16 -> 0 | AM16: =AH16+AL16 -> 11760273 | AN16: =O16-AM16 -> 0 | AP16: 0 | AQ16: =AP16*AD16 -> 0 | AR16: =AM16+AQ16 -> 11760273 | AS16: =O16-AR16 -> 0 | AU16: 0 | AV16: =AU16*AI16 -> 0 | AW16: =AR16+AV16 -> 11760273 | AX16: =O16-AW16 -> 0 | AZ16: =SUM(BA16:BL16) -> 0 | BA16: =+Y16*0 -> 0 | BB16: =+Y16*0 -> 0 | BC16: =+Y16*0 -> 0 | BD16: =+Y16*0 -> 0 | BE16: =+Y16*0 -> 0 | BF16: =+Y16*0 -> 0 | BG16: =+Y16*0 -> 0 | BH16: =+Y16*0 -> 0 | BI16: =+Y16*0 -> 0 | BJ16: =+Y16*0 -> 0 | BK16: =+Y16*0 -> 0 | BL16: =+Y16*0 -> 0
C17: 41339 | E17: Motor Supra X B 3963 KJI | G17: 0.25 | H17: 0.125 | I17: 11893636 | L17: =I17+J17-K17 -> 11893636 | O17: =L17+M17-N17 -> 11893636 | P17: =100%/G17 -> 4 | Q17: =P17*12 -> 48 | R17: =100%/H17 -> 8 | S17: =R17*12 -> 96 | T17: =MONTH(C17) -> 3 | U17: =YEAR(C17) -> 2013 | V17: =IF(T17=1, 12, T17-1) -> 2 | W17: =IF(T17=1,U17+R17-1,U17+R17) -> 2021 | X17: =I17/Q17 -> 247784.08 | Y17: 9911.3633 | AA17: 0 | AB17: 0 | AC17: 11893636 | AD17: =O17-AC17 -> 0 | AF17: 0 | AG17: =AF17*AB17 -> 0 | AH17: =AC17+AG17 -> 11893636 | AI17: =O17-AH17 -> 0 | AK17: 0 | AL17: =AK17*Y17 -> 0 | AM17: =AH17+AL17 -> 11893636 | AN17: =O17-AM17 -> 0 | AP17: 0 | AQ17: =AP17*AD17 -> 0 | AR17: =AM17+AQ17 -> 11893636 | AS17: =O17-AR17 -> 0 | AU17: 0 | AV17: =AU17*AI17 -> 0 | AW17: =AR17+AV17 -> 11893636 | AX17: =O17-AW17 -> 0 | AZ17: =SUM(BA17:BL17) -> 0 | BA17: =+Y17*0 -> 0 | BB17: =+Y17*0 -> 0 | BC17: =+Y17*0 -> 0 | BD17: =+Y17*0 -> 0 | BE17: =+Y17*0 -> 0 | BF17: =+Y17*0 -> 0 | BG17: =+Y17*0 -> 0 | BH17: =+Y17*0 -> 0 | BI17: =+Y17*0 -> 0 | BJ17: =+Y17*0 -> 0 | BK17: =+Y17*0 -> 0 | BL17: =+Y17*0 -> 0
C18: 42727 | E18: Mobil HRV | G18: 0.25 | H18: 0.125 | I18: 321312180 | L18: =I18+J18-K18 -> 321312180 | O18: =L18+M18-N18 -> 321312180 | P18: =100%/G18 -> 4 | Q18: =P18*12 -> 48 | R18: =100%/H18 -> 8 | S18: =R18*12 -> 96 | T18: =MONTH(C18) -> 12 | U18: =YEAR(C18) -> 2016 | V18: =IF(T18=1, 12, T18-1) -> 11 | W18: =IF(T18=1,U18+R18-1,U18+R18) -> 2024 | X18: =I18/Q18 -> 6694003.8 | Y18: 3311770.3 | Z18: 35 | AA18: 12 | AB18: =AA18*Y18 -> 39741243 | AC18: 2.4514146e+08 | AD18: =O18-AC18 -> 76170716 | AE18: =+Z18-AA18 -> 23 | AF18: 12 | AG18: =AF18*Y18 -> 39741243 | AH18: =AC18+AG18 -> 2.8488271e+08 | AI18: =O18-AH18 -> 36429473 | AJ18: =+AE18-AF18 -> 11 | AK18: 11 | AL18: =AK18*Y18 -> 36429473 | AM18: =AH18+AL18 -> 321312180 | AN18: =O18-AM18 -> 0 | AO18: =+AJ18-AK18 -> 0 | AP18: 0 | AQ18: =AP18*AD18 -> 0 | AR18: =AM18+AQ18 -> 321312180 | AS18: =O18-AR18 -> 0 | AT18: =+AO18-AP18 -> 0 | AU18: 0 | AV18: =AU18*AI18 -> 0 | AW18: =AR18+AV18 -> 321312180 | AX18: =O18-AW18 -> 0 | AZ18: =SUM(BA18:BL18) -> 0 | BA18: =+Y18*0 -> 0 | BB18: =+Y18*0 -> 0 | BC18: =+Y18*0 -> 0 | BD18: =+Y18*0 -> 0 | BE18: =+Y18*0 -> 0 | BF18: =+Y18*0 -> 0 | BG18: =+Y18*0 -> 0 | BH18: =+Y18*0 -> 0 | BI18: =+Y18*0 -> 0 | BJ18: =+Y18*0 -> 0 | BK18: =+Y18*0 -> 0 | BL18: =+Y18*0 -> 0
C20: 42830 | E20: 1 | F20: Motor Honda Vario 150 ESP | G20: 0.25 | H20: 0.125 | I20: 21975000 | L20: =I20+J20-K20 -> 21975000 | O20: =L20+M20-N20 -> 21975000 | P20: =100%/G20 -> 4 | Q20: =P20*12 -> 48 | R20: =100%/H20 -> 8 | S20: =R20*12 -> 96 | T20: =MONTH(C20) -> 4 | U20: =YEAR(C20) -> 2017 | V20: =IF(T20=1, 12, T20-1) -> 3 | W20: =IF(T20=1,U20+R20-1,U20+R20) -> 2025 | X20: 0 | Y20: =L20/S20 -> 228906.25 | Z20: 39 | AA20: 12 | AB20: =AA20*Y20 -> 2746875 | AC20: 15794531 | AD20: =O20-AC20 -> 6180468.8 | AE20: =+Z20-AA20 -> 27 | AF20: 12 | AG20: =AF20*Y20 -> 2746875 | AH20: =AC20+AG20 -> 18541406 | AI20: =O20-AH20 -> 3433593.8 | AJ20: =+AE20-AF20 -> 15 | AK20: 12 | AL20: =AK20*Y20 -> 2746875 | AM20: =AH20+AL20 -> 21288281 | AN20: =O20-AM20 -> 686718.75 | AO20: =+AJ20-AK20 -> 3 | AP20: 3 | AQ20: =AP20*Y20 -> 686718.75 | AR20: =AM20+AQ20 -> 21975000 | AS20: =O20-AR20 -> 0 | AT20: =+AO20-AP20 -> 0 | AU20: 0 | AV20: =AU20*AD20 -> 0 | AW20: =AR20+AV20 -> 21975000 | AX20: =O20-AW20 -> 0 | AZ20: =SUM(BA20:BL20) -> 0 | BA20: =+Y20*0 -> 0 | BB20: =+Y20*0 -> 0 | BC20: =+Y20*0 -> 0 | BD20: =+Y20*0 -> 0 | BE20: =+Y20*0 -> 0 | BF20: =+Y20*0 -> 0 | BG20: =+Y20*0 -> 0 | BH20: =+Y20*0 -> 0 | BI20: =+Y20*0 -> 0 | BJ20: =+Y20*0 -> 0 | BK20: =+Y20*0 -> 0 | BL20: =+Y20*0 -> 0
C21: 42940 | E21: 1 | F21: Mobil Grand Max (PT.Tam) | G21: 0.25 | H21: 0.125 | I21: 159575520 | L21: =I21+J21-K21 -> 159575520 | O21: =L21+M21-N21 -> 159575520 | P21: =100%/G21 -> 4 | Q21: =P21*12 -> 48 | R21: =100%/H21 -> 8 | S21: =R21*12 -> 96 | T21: =MONTH(C21) -> 7 | U21: =YEAR(C21) -> 2017 | V21: =IF(T21=1, 12, T21-1) -> 6 | W21: =IF(T21=1,U21+R21-1,U21+R21) -> 2025 | X21: 0 | Y21: =L21/S21 -> 1662245 | Z21: 42 | AA21: 12 | AB21: =AA21*Y21 -> 19946940 | AC21: 109708170 | AD21: =O21-AC21 -> 49867350 | AE21: =+Z21-AA21 -> 30 | AF21: 12 | AG21: =AF21*Y21 -> 19946940 | AH21: =AC21+AG21 -> 129655110 | AI21: =O21-AH21 -> 29920410 | AJ21: =+AE21-AF21 -> 18 | AK21: 12 | AL21: =AK21*Y21 -> 19946940 | AM21: =AH21+AL21 -> 149602050 | AN21: =O21-AM21 -> 9973470 | AO21: =+AJ21-AK21 -> 6 | AP21: 6 | AQ21: =AP21*Y21 -> 9973470 | AR21: =AM21+AQ21 -> 159575520 | AS21: =O21-AR21 -> 0 | AT21: =+AO21-AP21 -> 0 | AU21: 0 | AV21: =AU21*AD21 -> 0 | AW21: =AR21+AV21 -> 159575520 | AX21: =O21-AW21 -> 0 | AZ21: =SUM(BA21:BL21) -> 0 | BA21: =+Y21*0 -> 0 | BB21: =+Y21*0 -> 0 | BC21: =+Y21*0 -> 0 | BD21: =+Y21*0 -> 0 | BE21: =+Y21*0 -> 0 | BF21: =+Y21*0 -> 0 | BG21: =+Y21*0 -> 0 | BH21: =+Y21*0 -> 0 | BI21: =+Y21*0 -> 0 | BJ21: =+Y21*0 -> 0 | BK21: =+Y21*0 -> 0 | BL21: =+Y21*0 -> 0
C22: 42998 | E22: 1 | F22: Kijang Inova | G22: 0.25 | H22: 0.125 | I22: 350363636 | L22: =I22+J22-K22 -> 350363636 | O22: =L22+M22-N22 -> 350363636 | P22: =100%/G22 -> 4 | Q22: =P22*12 -> 48 | R22: =100%/H22 -> 8 | S22: =R22*12 -> 96 | T22: =MONTH(C22) -> 9 | U22: =YEAR(C22) -> 2017 | V22: =IF(T22=1, 12, T22-1) -> 8 | W22: =IF(T22=1,U22+R22-1,U22+R22) -> 2025 | X22: 0 | Y22: =L22/S22 -> 3649621.2 | Z22: 44 | AA22: 12 | AB22: =AA22*Y22 -> 43795454 | AC22: 2.3357576e+08 | AD22: =O22-AC22 -> 1.1678788e+08 | AE22: =+Z22-AA22 -> 32 | AF22: 12 | AG22: =AF22*Y22 -> 43795454 | AH22: =AC22+AG22 -> 2.7737121e+08 | AI22: =O22-AH22 -> 72992424 | AJ22: =+AE22-AF22 -> 20 | AK22: 12 | AL22: =AK22*Y22 -> 43795454 | AM22: =AH22+AL22 -> 3.2116667e+08 | AN22: =O22-AM22 -> 29196970 | AO22: =+AJ22-AK22 -> 8 | AP22: 8 | AQ22: =AP22*Y22 -> 29196970 | AR22: =AM22+AQ22 -> 3.5036364e+08 | AS22: =O22-AR22 -> 0 | AT22: =+AO22-AP22 -> 0 | AU22: 0 | AV22: =AU22*AD22 -> 0 | AW22: =AR22+AV22 -> 3.5036364e+08 | AX22: =O22-AW22 -> 0 | AZ22: =SUM(BA22:BL22) -> 0 | BA22: =+Y22*0 -> 0 | BB22: =+Y22*0 -> 0 | BC22: =+Y22*0 -> 0 | BD22: =+Y22*0 -> 0 | BE22: =+Y22*0 -> 0 | BF22: =+Y22*0 -> 0 | BG22: =+Y22*0 -> 0 | BH22: =+Y22*0 -> 0 | BI22: =+Y22*0 -> 0 | BJ22: =+Y22*0 -> 0 | BK22: =+Y22*0 -> 0 | BL22: =+Y22*0 -> 0
C23: 42998 | E23: 1 | F23: Kijang Inova-Assecories Innova | G23: 0.25 | H23: 0.125 | I23: 72919000 | L23: =I23+J23-K23 -> 72919000 | O23: =L23+M23-N23 -> 72919000 | P23: =100%/G23 -> 4 | Q23: =P23*12 -> 48 | R23: =100%/H23 -> 8 | S23: =R23*12 -> 96 | T23: =MONTH(C23) -> 9 | U23: =YEAR(C23) -> 2017 | V23: =IF(T23=1, 12, T23-1) -> 8 | W23: =IF(T23=1,U23+R23-1,U23+R23) -> 2025 | X23: 0 | Y23: =L23/S23 -> 759572.92 | Z23: 44 | AA23: 12 | AB23: =AA23*Y23 -> 9114875 | AC23: 48612667 | AD23: =O23-AC23 -> 24306333 | AE23: =+Z23-AA23 -> 32 | AF23: 12 | AG23: =AF23*Y23 -> 9114875 | AH23: =AC23+AG23 -> 57727542 | AI23: =O23-AH23 -> 15191458 | AJ23: =+AE23-AF23 -> 20 | AK23: 12 | AL23: =AK23*Y23 -> 9114875 | AM23: =AH23+AL23 -> 66842417 | AN23: =O23-AM23 -> 6076583.3 | AO23: =+AJ23-AK23 -> 8 | AP23: 8 | AQ23: =AP23*Y23 -> 6076583.3 | AR23: =AM23+AQ23 -> 72919000 | AS23: =O23-AR23 -> 0 | AT23: =+AO23-AP23 -> 0 | AU23: 0 | AV23: =AU23*AD23 -> 0 | AW23: =AR23+AV23 -> 72919000 | AX23: =O23-AW23 -> 0 | AZ23: =SUM(BA23:BL23) -> 0 | BA23: =+Y23*0 -> 0 | BB23: =+Y23*0 -> 0 | BC23: =+Y23*0 -> 0 | BD23: =+Y23*0 -> 0 | BE23: =+Y23*0 -> 0 | BF23: =+Y23*0 -> 0 | BG23: =+Y23*0 -> 0 | BH23: =+Y23*0 -> 0 | BI23: =+Y23*0 -> 0 | BJ23: =+Y23*0 -> 0 | BK23: =+Y23*0 -> 0 | BL23: =+Y23*0 -> 0
C24: 43026 | E24: 1 | F24: Mobil Proton Exora Thn2009 | G24: 0.25 | H24: 0.125 | I24: 60000000 | L24: =I24+J24-K24 -> 60000000 | O24: =L24+M24-N24 -> 60000000 | P24: =100%/G24 -> 4 | Q24: =P24*12 -> 48 | R24: =100%/H24 -> 8 | S24: =R24*12 -> 96 | T24: =MONTH(C24) -> 10 | U24: =YEAR(C24) -> 2017 | V24: =IF(T24=1, 12, T24-1) -> 9 | W24: =IF(T24=1,U24+R24-1,U24+R24) -> 2025 | X24: 0 | Y24: =L24/S24 -> 625000 | Z24: 45 | AA24: 12 | AB24: =AA24*Y24 -> 7500000 | AC24: 39375000 | AD24: =O24-AC24 -> 20625000 | AE24: =+Z24-AA24 -> 33 | AF24: 12 | AG24: =AF24*Y24 -> 7500000 | AH24: =AC24+AG24 -> 46875000 | AI24: =O24-AH24 -> 13125000 | AJ24: =+AE24-AF24 -> 21 | AK24: 12 | AL24: =AK24*Y24 -> 7500000 | AM24: =AH24+AL24 -> 54375000 | AN24: =O24-AM24 -> 5625000 | AO24: =+AJ24-AK24 -> 9 | AP24: 9 | AQ24: =AP24*Y24 -> 5625000 | AR24: =AM24+AQ24 -> 60000000 | AS24: =O24-AR24 -> 0 | AT24: =+AO24-AP24 -> 0 | AU24: 0 | AV24: =AU24*AD24 -> 0 | AW24: =AR24+AV24 -> 60000000 | AX24: =O24-AW24 -> 0 | AZ24: =SUM(BA24:BL24) -> 0 | BA24: =+Y24*0 -> 0 | BB24: =+Y24*0 -> 0 | BC24: =+Y24*0 -> 0 | BD24: =+Y24*0 -> 0 | BE24: =+Y24*0 -> 0 | BF24: =+Y24*0 -> 0 | BG24: =+Y24*0 -> 0 | BH24: =+Y24*0 -> 0 | BI24: =+Y24*0 -> 0 | BJ24: =+Y24*0 -> 0 | BK24: =+Y24*0 -> 0 | BL24: =+Y24*0 -> 0
C25: 43046 | E25: 1 | F25: Mobil Toyota Innova G 2009 | G25: 0.25 | H25: 0.125 | I25: 135000000 | L25: =I25+J25-K25 -> 135000000 | O25: =L25+M25-N25 -> 135000000 | P25: =100%/G25 -> 4 | Q25: =P25*12 -> 48 | R25: =100%/H25 -> 8 | S25: =R25*12 -> 96 | T25: =MONTH(C25) -> 11 | U25: =YEAR(C25) -> 2017 | V25: =IF(T25=1, 12, T25-1) -> 10 | W25: =IF(T25=1,U25+R25-1,U25+R25) -> 2025 | X25: 0 | Y25: =L25/S25 -> 1406250 | Z25: 46 | AA25: 12 | AB25: =AA25*Y25 -> 16875000 | AC25: 87187500 | AD25: =O25-AC25 -> 47812500 | AE25: =+Z25-AA25 -> 34 | AF25: 12 | AG25: =AF25*Y25 -> 16875000 | AH25: =AC25+AG25 -> 104062500 | AI25: =O25-AH25 -> 30937500 | AJ25: =+AE25-AF25 -> 22 | AK25: 12 | AL25: =AK25*Y25 -> 16875000 | AM25: =AH25+AL25 -> 120937500 | AN25: =O25-AM25 -> 14062500 | AO25: =+AJ25-AK25 -> 10 | AP25: 10 | AQ25: =AP25*Y25 -> 14062500 | AR25: =AM25+AQ25 -> 135000000 | AS25: =O25-AR25 -> 0 | AT25: =+AO25-AP25 -> 0 | AU25: 0 | AV25: =AU25*AD25 -> 0 | AW25: =AR25+AV25 -> 135000000 | AX25: =O25-AW25 -> 0 | AZ25: =SUM(BA25:BL25) -> 0 | BA25: =+Y25*0 -> 0 | BB25: =+Y25*0 -> 0 | BC25: =+Y25*0 -> 0 | BD25: =+Y25*0 -> 0 | BE25: =+Y25*0 -> 0 | BF25: =+Y25*0 -> 0 | BG25: =+Y25*0 -> 0 | BH25: =+Y25*0 -> 0 | BI25: =+Y25*0 -> 0 | BJ25: =+Y25*0 -> 0 | BK25: =+Y25*0 -> 0 | BL25: =+Y25*0 -> 0
C26: 43143 | E26: 1 | F26: Motor Honda Vario Black | G26: 0.25 | H26: 0.125 | J26: 21400000 | L26: =I26+J26-K26 -> 21400000 | O26: =L26+M26-N26 -> 21400000 | P26: =100%/G26 -> 4 | Q26: =P26*12 -> 48 | R26: =100%/H26 -> 8 | S26: =R26*12 -> 96 | T26: =MONTH(C26) -> 2 | U26: =YEAR(C26) -> 2018 | V26: =IF(T26=1, 12, T26-1) -> 1 | W26: =IF(T26=1,U26+R26-1,U26+R26) -> 2026 | Y26: =L26/S26 -> 222916.67 | Z26: 49 | AA26: 12 | AB26: =AA26*Y26 -> 2675000 | AC26: 13152083 | AD26: =O26-AC26 -> 8247916.7 | AE26: =+Z26-AA26 -> 37 | AF26: 12 | AG26: =AF26*Y26 -> 2675000 | AH26: =AC26+AG26 -> 15827083 | AI26: =O26-AH26 -> 5572916.7 | AJ26: =+AE26-AF26 -> 25 | AK26: 12 | AL26: =AK26*Y26 -> 2675000 | AM26: =AH26+AL26 -> 18502083 | AN26: =O26-AM26 -> 2897916.7 | AO26: =+AJ26-AK26 -> 13 | AP26: 12 | AQ26: =AP26*Y26 -> 2675000 | AR26: =AM26+AQ26 -> 21177083 | AS26: =O26-AR26 -> 222916.67 | AT26: =+AO26-AP26 -> 1 | AU26: 1 | AV26: =AU26*Y26 -> 222916.67 | AW26: =AR26+AV26 -> 21400000 | AX26: =O26-AW26 -> 0 | AZ26: =SUM(BA26:BL26) -> 222916.67 | BA26: =+Y26*1 -> 222916.67 | BB26: =+Y26*0 -> 0 | BC26: =+Y26*0 -> 0 | BD26: =+Y26*0 -> 0 | BE26: =+Y26*0 -> 0 | BF26: =+Y26*0 -> 0 | BG26: =+Y26*0 -> 0 | BH26: =+Y26*0 -> 0 | BI26: =+Y26*0 -> 0 | BJ26: =+Y26*0 -> 0 | BK26: =+Y26*0 -> 0 | BL26: =+Y26*0 -> 0
C27: 43353 | E27: 1 | F27: Motor N-MAX | G27: 0.25 | H27: 0.125 | J27: 27000000 | L27: =I27+J27-K27 -> 27000000 | O27: =L27+M27-N27 -> 27000000 | P27: =100%/G27 -> 4 | Q27: =P27*12 -> 48 | R27: =100%/H27 -> 8 | S27: =R27*12 -> 96 | T27: =MONTH(C27) -> 9 | U27: =YEAR(C27) -> 2018 | V27: =IF(T27=1, 12, T27-1) -> 8 | W27: =IF(T27=1,U27+R27-1,U27+R27) -> 2026 | Y27: =L27/S27 -> 281250 | Z27: 56 | AA27: 12 | AB27: =AA27*Y27 -> 3375000 | AC27: 14625000 | AD27: =O27-AC27 -> 12375000 | AE27: =+Z27-AA27 -> 44 | AF27: 12 | AG27: =AF27*Y27 -> 3375000 | AH27: =AC27+AG27 -> 18000000 | AI27: =O27-AH27 -> 9000000 | AJ27: =+AE27-AF27 -> 32 | AK27: 12 | AL27: =AK27*Y27 -> 3375000 | AM27: =AH27+AL27 -> 21375000 | AN27: =O27-AM27 -> 5625000 | AO27: =+AJ27-AK27 -> 20 | AP27: 12 | AQ27: =AP27*Y27 -> 3375000 | AR27: =AM27+AQ27 -> 24750000 | AS27: =O27-AR27 -> 2250000 | AT27: =+AO27-AP27 -> 8 | AU27: 8 | AV27: =AU27*Y27 -> 2250000 | AW27: =AR27+AV27 -> 27000000 | AX27: =O27-AW27 -> 0 | AZ27: =SUM(BA27:BL27) -> 2250000 | BA27: =+Y27*1 -> 281250 | BB27: =+Y27*1 -> 281250 | BC27: =+Y27*1 -> 281250 | BD27: =+Y27*1 -> 281250 | BE27: =+Y27*1 -> 281250 | BF27: =+Y27*1 -> 281250 | BG27: =+Y27*1 -> 281250 | BH27: =+Y27*1 -> 281250 | BI27: =+Y27*0 -> 0 | BJ27: =+Y27*0 -> 0 | BK27: =+Y27*0 -> 0 | BL27: =+Y27*0 -> 0
C29: 44773 | E29: 1 | F29: Mobil Toyota Camry A/T 2015 | G29: 0.125 | H29: 0.125 | L29: 240000000 | O29: =+L29 -> 240000000 | R29: =100%/H29 -> 8 | S29: =R29*12 -> 96 | T29: =MONTH(C29) -> 7 | U29: =YEAR(C29) -> 2022 | V29: =IF(T29=1, 12, T29-1) -> 6 | W29: =IF(T29=1,U29+R29-1,U29+R29) -> 2030 | Y29: =L29/S29 -> 2500000 | Z29: 90 | AA29: 6 | AB29: =AA29*Y29 -> 15000000 | AC29: 15000000 | AD29: =L29-AC29 -> 225000000 | AE29: =+Z29-AA29 -> 84 | AF29: 12 | AG29: =AF29*Y29 -> 30000000 | AH29: =AC29+AG29 -> 45000000 | AI29: =O29-AH29 -> 195000000 | AJ29: =+AE29-AF29 -> 72 | AK29: 12 | AL29: =AK29*Y29 -> 30000000 | AM29: =AH29+AL29 -> 75000000 | AN29: =O29-AM29 -> 165000000 | AO29: =+AJ29-AK29 -> 60 | AP29: 7 | AQ29: =AP29*Y29 -> 17500000 | AR29: =AM29+AQ29 -> 92500000 | AS29: =O29-AR29 -> 147500000 | AT29: 0 | AU29: 0 | AV29: =AU29*AD29 -> 0 | AW29: 0 | AX29: 0 | AZ29: =SUM(BA29:BL29) -> 0 | BA29: =+Y29*0 -> 0 | BB29: =+Y29*0 -> 0 | BC29: =+Y29*0 -> 0 | BD29: =+Y29*0 -> 0 | BE29: =+Y29*0 -> 0 | BF29: =+Y29*0 -> 0 | BG29: =+Y29*0 -> 0 | BH29: =+Y29*0 -> 0 | BI29: =+Y29*0 -> 0 | BJ29: =+Y29*0 -> 0 | BK29: =+Y29*0 -> 0 | BL29: =+Y29*0 -> 0
C30: 44837 | E30: 2 | F30: Mobil Mitsubishi Expander Ultimate | G30: 0.125 | H30: 0.125 | L30: 525798600 | O30: =+L30 -> 525798600 | R30: =100%/H30 -> 8 | S30: =R30*12 -> 96 | T30: =MONTH(C30) -> 10 | U30: =YEAR(C30) -> 2022 | V30: =IF(T30=1, 12, T30-1) -> 9 | W30: =IF(T30=1,U30+R30-1,U30+R30) -> 2030 | Y30: =L30/S30 -> 5477068.8 | Z30: 93 | AA30: 3 | AB30: =AA30*Y30 -> 16431206 | AC30: 16431206 | AD30: =L30-AC30 -> 5.0936739e+08 | AE30: =+Z30-AA30 -> 90 | AF30: 12 | AG30: =AF30*Y30 -> 65724825 | AH30: =AC30+AG30 -> 82156031 | AI30: =O30-AH30 -> 4.4364257e+08 | AJ30: =+AE30-AF30 -> 78 | AK30: 12 | AL30: =AK30*Y30 -> 65724825 | AM30: =AH30+AL30 -> 1.4788086e+08 | AN30: =O30-AM30 -> 3.7791774e+08 | AO30: =+AJ30-AK30 -> 66 | AP30: 12 | AQ30: =AP30*Y30 -> 65724825 | AR30: =AM30+AQ30 -> 2.1360568e+08 | AS30: =O30-AR30 -> 3.1219292e+08 | AT30: =+AO30-AP30 -> 54 | AU30: 12 | AV30: =AU30*Y30 -> 65724825 | AW30: =AR30+AV30 -> 2.7933051e+08 | AX30: =O30-AW30 -> 2.4646809e+08 | AZ30: =SUM(BA30:BL30) -> 65724825 | BA30: =+Y30*1 -> 5477068.8 | BB30: =+Y30*1 -> 5477068.8 | BC30: =+Y30*1 -> 5477068.8 | BD30: =+Y30*1 -> 5477068.8 | BE30: =+Y30*1 -> 5477068.8 | BF30: =+Y30*1 -> 5477068.8 | BG30: =+Y30*1 -> 5477068.8 | BH30: =+Y30*1 -> 5477068.8 | BI30: =+Y30*1 -> 5477068.8 | BJ30: =+Y30*1 -> 5477068.8 | BK30: =+Y30*1 -> 5477068.8 | BL30: =+Y30*1 -> 5477068.8
C31: 44868 | E31: 2 | F31: Mobil Mitsubishi Expander Ultimate | G31: 0.125 | H31: 0.125 | L31: 525798600 | O31: =+L31 -> 525798600 | R31: =100%/H31 -> 8 | S31: =R31*12 -> 96 | T31: =MONTH(C31) -> 11 | U31: =YEAR(C31) -> 2022 | V31: =IF(T31=1, 12, T31-1) -> 10 | W31: =IF(T31=1,U31+R31-1,U31+R31) -> 2030 | Y31: =L31/S31 -> 5477068.8 | Z31: 94 | AA31: 2 | AB31: =AA31*Y31 -> 10954138 | AC31: 10954138 | AD31: =L31-AC31 -> 5.1484446e+08 | AE31: =+Z31-AA31 -> 92 | AF31: 12 | AG31: =AF31*Y31 -> 65724825 | AH31: =AC31+AG31 -> 76678962 | AI31: =O31-AH31 -> 4.4911964e+08 | AJ31: =+AE31-AF31 -> 80 | AK31: 12 | AL31: =AK31*Y31 -> 65724825 | AM31: =AH31+AL31 -> 1.4240379e+08 | AN31: =O31-AM31 -> 3.8339481e+08 | AO31: =+AJ31-AK31 -> 68 | AP31: 12 | AQ31: =AP31*Y31 -> 65724825 | AR31: =AM31+AQ31 -> 2.0812861e+08 | AS31: =O31-AR31 -> 3.1766999e+08 | AT31: =+AO31-AP31 -> 56 | AU31: 12 | AV31: =AU31*Y31 -> 65724825 | AW31: =AR31+AV31 -> 2.7385344e+08 | AX31: =O31-AW31 -> 2.5194516e+08 | AZ31: =SUM(BA31:BL31) -> 65724825 | BA31: =+Y31*1 -> 5477068.8 | BB31: =+Y31*1 -> 5477068.8 | BC31: =+Y31*1 -> 5477068.8 | BD31: =+Y31*1 -> 5477068.8 | BE31: =+Y31*1 -> 5477068.8 | BF31: =+Y31*1 -> 5477068.8 | BG31: =+Y31*1 -> 5477068.8 | BH31: =+Y31*1 -> 5477068.8 | BI31: =+Y31*1 -> 5477068.8 | BJ31: =+Y31*1 -> 5477068.8 | BK31: =+Y31*1 -> 5477068.8 | BL31: =+Y31*1 -> 5477068.8
C32: 44917 | E32: 3 | F32: Mobil Mitsubishi Expander Ultimate | G32: 0.125 | H32: 0.125 | L32: 788697900 | O32: =+L32 -> 788697900 | R32: =100%/H32 -> 8 | S32: =R32*12 -> 96 | T32: =MONTH(C32) -> 12 | U32: =YEAR(C32) -> 2022 | V32: =IF(T32=1, 12, T32-1) -> 11 | W32: =IF(T32=1,U32+R32-1,U32+R32) -> 2030 | Y32: =L32/S32 -> 8215603.1 | Z32: 95 | AA32: 1 | AB32: =AA32*Y32 -> 8215603.1 | AC32: 8215603.1 | AD32: =L32-AC32 -> 7.804823e+08 | AE32: =+Z32-AA32 -> 94 | AF32: 12 | AG32: =AF32*Y32 -> 98587238 | AH32: =AC32+AG32 -> 1.0680284e+08 | AI32: =O32-AH32 -> 6.8189506e+08 | AJ32: =+AE32-AF32 -> 82 | AK32: 12 | AL32: =AK32*Y32 -> 98587238 | AM32: =AH32+AL32 -> 2.0539008e+08 | AN32: =O32-AM32 -> 5.8330782e+08 | AO32: =+AJ32-AK32 -> 70 | AP32: 12 | AQ32: =AP32*Y32 -> 98587238 | AR32: =AM32+AQ32 -> 3.0397732e+08 | AS32: =O32-AR32 -> 4.8472058e+08 | AT32: =+AO32-AP32 -> 58 | AU32: 12 | AV32: =AU32*Y32 -> 98587238 | AW32: =AR32+AV32 -> 4.0256455e+08 | AX32: =O32-AW32 -> 3.8613335e+08 | AZ32: =SUM(BA32:BL32) -> 98587238 | BA32: =+Y32*1 -> 8215603.1 | BB32: =+Y32*1 -> 8215603.1 | BC32: =+Y32*1 -> 8215603.1 | BD32: =+Y32*1 -> 8215603.1 | BE32: =+Y32*1 -> 8215603.1 | BF32: =+Y32*1 -> 8215603.1 | BG32: =+Y32*1 -> 8215603.1 | BH32: =+Y32*1 -> 8215603.1 | BI32: =+Y32*1 -> 8215603.1 | BJ32: =+Y32*1 -> 8215603.1 | BK32: =+Y32*1 -> 8215603.1 | BL32: =+Y32*1 -> 8215603.1
L35: =SUM(L12:L33) -> 4099100297 | O35: =SUM(O12:O33) -> 4099100297 | AB35: =SUM(AB12:AB33) -> 1.9637133e+08 | AC35: =SUM(AC12:AC33) -> 1.707033e+09 | AD35: =SUM(AD12:AD33) -> 2.3920673e+09 | AG35: =SUM(AG12:AG33) -> 4.0580728e+08 | AH35: =SUM(AH12:AH33) -> 2.1128403e+09 | AI35: =SUM(AI12:AI33) -> 1.98626e+09 | AL35: =SUM(AL12:AL33) -> 4.0249551e+08 | AM35: =SUM(AM12:AM33) -> 2.5153358e+09 | AN35: =SUM(AN12:AN33) -> 1.5837645e+09 | AQ35: =SUM(AQ12:AQ33) -> 3.1920813e+08 | AR35: =SUM(AR12:AR33) -> 2.2878494e+09 | AS35: =SUM(AS12:AS33) -> 1.2645564e+09 | AV35: =SUM(AV12:AV33) -> 2.325098e+08 | AW35: =SUM(AW12:AW33) -> 2.4278593e+09 | AX35: =SUM(AX12:AX33) -> 8.845466e+08 | AZ35: =SUM(AZ12:AZ33) -> 2.325098e+08 | BA35: =SUM(BA12:BA33) -> 19673907 | BB35: =SUM(BB12:BB33) -> 19450991 | BC35: =SUM(BC12:BC33) -> 19450991 | BD35: =SUM(BD12:BD33) -> 19450991 | BE35: =SUM(BE12:BE33) -> 19450991 | BF35: =SUM(BF12:BF33) -> 19450991 | BG35: =SUM(BG12:BG33) -> 19450991 | ... BL35: =SUM(BL12:BL33) -> 19169741
C37: 45463 | E37: 1 | F37: Motor Yamaha PCX 150CBS | G37: 0.125 | H37: 0.125 | L37: 30192399 | O37: =+L37 -> 30192399 | R37: =100%/H37 -> 8 | S37: =R37*12 -> 96 | T37: =MONTH(C37) -> 6 | U37: =YEAR(C37) -> 2024 | V37: =IF(T37=1, 12, T37-1) -> 5 | W37: =IF(T37=1,U37+R37-1,U37+R37) -> 2032 | Y37: =L37/S37 -> 314504.16 | Z37: 96 | AE37: 96 | AJ37: =+AE37-AF37 -> 96 | AK37: 7 | AL37: =AK37*Y37 -> 2201529.1 | AM37: =AH37+AL37 -> 2201529.1 | AN37: =O37-AM37 -> 27990870 | AO37: =+AJ37-AK37 -> 89 | AP37: 12 | AQ37: =AP37*Y37 -> 3774049.9 | AR37: =AM37+AQ37 -> 5975579 | AS37: =O37-AR37 -> 24216820 | AT37: =+AO37-AP37 -> 77 | AU37: 12 | AV37: =AU37*Y37 -> 3774049.9 | AW37: =AR37+AV37 -> 9749628.8 | AX37: =O37-AW37 -> 20442770 | AZ37: =SUM(BA37:BL37) -> 3774049.9 | BA37: =+Y37*1 -> 314504.16 | BB37: =+Y37*1 -> 314504.16 | BC37: =+Y37*1 -> 314504.16 | BD37: =+Y37*1 -> 314504.16 | BE37: =+Y37*1 -> 314504.16 | BF37: =+Y37*1 -> 314504.16 | BG37: =+Y37*1 -> 314504.16 | BH37: =+Y37*1 -> 314504.16 | BI37: =+Y37*1 -> 314504.16 | BJ37: =+Y37*1 -> 314504.16 | BK37: =+Y37*1 -> 314504.16 | BL37: =+Y37*1 -> 314504.16
C38: 45642 | E38: 1 | F38: Mobil Toyota Innova Zenix 2.0 Q HV CVT | G38: 0.125 | H38: 0.125 | L38: 612142766 | O38: =+L38 -> 612142766 | R38: =100%/H38 -> 8 | S38: =R38*12 -> 96 | T38: =MONTH(C38) -> 12 | U38: =YEAR(C38) -> 2024 | V38: =IF(T38=1, 12, T38-1) -> 11 | W38: =IF(T38=1,U38+R38-1,U38+R38) -> 2032 | Y38: =L38/S38 -> 6376487.1 | Z38: 96 | AE38: 96 | AJ38: =+AE38-AF38 -> 96 | AK38: 1 | AL38: =AK38*Y38 -> 6376487.1 | AM38: =AH38+AL38 -> 6376487.1 | AN38: =O38-AM38 -> 6.0576628e+08 | AO38: =+AJ38-AK38 -> 95 | AP38: 12 | AQ38: =AP38*Y38 -> 76517846 | AR38: =AM38+AQ38 -> 82894333 | AS38: =O38-AR38 -> 5.2924843e+08 | AT38: =+AO38-AP38 -> 83 | AU38: 12 | AV38: =AU38*Y38 -> 76517846 | AW38: =AR38+AV38 -> 1.5941218e+08 | AX38: =O38-AW38 -> 4.5273059e+08 | AZ38: =SUM(BA38:BL38) -> 76517846 | BA38: =+Y38*1 -> 6376487.1 | BB38: =+Y38*1 -> 6376487.1 | BC38: =+Y38*1 -> 6376487.1 | BD38: =+Y38*1 -> 6376487.1 | BE38: =+Y38*1 -> 6376487.1 | BF38: =+Y38*1 -> 6376487.1 | BG38: =+Y38*1 -> 6376487.1 | BH38: =+Y38*1 -> 6376487.1 | BI38: =+Y38*1 -> 6376487.1 | BJ38: =+Y38*1 -> 6376487.1 | BK38: =+Y38*1 -> 6376487.1 | BL38: =+Y38*1 -> 6376487.1
C39: 45642 | E39: 1 | F39: Mobil Toyota All New Veloz 1.5 Q CVT | G39: 0.125 | H39: 0.125 | L39: 282760478 | O39: =+L39 -> 282760478 | R39: =100%/H39 -> 8 | S39: =R39*12 -> 96 | T39: =MONTH(C39) -> 12 | U39: =YEAR(C39) -> 2024 | V39: =IF(T39=1, 12, T39-1) -> 11 | W39: =IF(T39=1,U39+R39-1,U39+R39) -> 2032 | Y39: =L39/S39 -> 2945421.6 | Z39: 96 | AE39: 96 | AJ39: =+AE39-AF39 -> 96 | AK39: 1 | AL39: =AK39*Y39 -> 2945421.6 | AM39: =AH39+AL39 -> 2945421.6 | AN39: =O39-AM39 -> 2.7981506e+08 | AO39: =+AJ39-AK39 -> 95 | AP39: 12 | AQ39: =AP39*Y39 -> 35345060 | AR39: =AM39+AQ39 -> 38290481 | AS39: =O39-AR39 -> 2.4447e+08 | AT39: =+AO39-AP39 -> 83 | AU39: 12 | AV39: =AU39*Y39 -> 35345060 | AW39: =AR39+AV39 -> 73635541 | AX39: =O39-AW39 -> 2.0912494e+08 | AZ39: =SUM(BA39:BL39) -> 35345060 | BA39: =+Y39*1 -> 2945421.6 | BB39: =+Y39*1 -> 2945421.6 | BC39: =+Y39*1 -> 2945421.6 | BD39: =+Y39*1 -> 2945421.6 | BE39: =+Y39*1 -> 2945421.6 | BF39: =+Y39*1 -> 2945421.6 | BG39: =+Y39*1 -> 2945421.6 | BH39: =+Y39*1 -> 2945421.6 | BI39: =+Y39*1 -> 2945421.6 | BJ39: =+Y39*1 -> 2945421.6 | BK39: =+Y39*1 -> 2945421.6 | BL39: =+Y39*1 -> 2945421.6
C40: 45642 | E40: 1 | F40: Mobil Daihatsu Grand Max MB 1.5 D PS | G40: 0.125 | H40: 0.125 | L40: 235749638 | O40: =+L40 -> 235749638 | R40: =100%/H40 -> 8 | S40: =R40*12 -> 96 | T40: =MONTH(C40) -> 12 | U40: =YEAR(C40) -> 2024 | V40: =IF(T40=1, 12, T40-1) -> 11 | W40: =IF(T40=1,U40+R40-1,U40+R40) -> 2032 | Y40: =L40/S40 -> 2455725.4 | Z40: 96 | AE40: 96 | AJ40: =+AE40-AF40 -> 96 | AK40: 1 | AL40: =AK40*Y40 -> 2455725.4 | AM40: =AH40+AL40 -> 2455725.4 | AN40: =O40-AM40 -> 2.3329391e+08 | AO40: =+AJ40-AK40 -> 95 | AP40: 12 | AQ40: =AP40*Y40 -> 29468705 | AR40: =AM40+AQ40 -> 31924430 | AS40: =O40-AR40 -> 2.0382521e+08 | AT40: =+AO40-AP40 -> 83 | AU40: 12 | AV40: =AU40*Y40 -> 29468705 | AW40: =AR40+AV40 -> 61393135 | AX40: =O40-AW40 -> 1.743565e+08 | AZ40: =SUM(BA40:BL40) -> 29468705 | BA40: =+Y40*1 -> 2455725.4 | BB40: =+Y40*1 -> 2455725.4 | BC40: =+Y40*1 -> 2455725.4 | BD40: =+Y40*1 -> 2455725.4 | BE40: =+Y40*1 -> 2455725.4 | BF40: =+Y40*1 -> 2455725.4 | BG40: =+Y40*1 -> 2455725.4 | BH40: =+Y40*1 -> 2455725.4 | BI40: =+Y40*1 -> 2455725.4 | BJ40: =+Y40*1 -> 2455725.4 | BK40: =+Y40*1 -> 2455725.4 | BL40: =+Y40*1 -> 2455725.4
L42: =SUM(L37:L41) -> 1160845281 | O42: =SUM(O37:O41) -> 1160845281 | AL42: =SUM(AL37:AL41) -> 13979163 | AM42: =SUM(AM37:AM41) -> 13979163 | AN42: =SUM(AN37:AN41) -> 1.1468661e+09 | AQ42: =SUM(AQ37:AQ41) -> 1.4510566e+08 | AR42: =SUM(AR37:AR41) -> 1.5908482e+08 | AS42: =SUM(AS37:AS41) -> 1.0017605e+09 | AV42: =SUM(AV37:AV41) -> 1.4510566e+08 | AW42: =SUM(AW37:AW41) -> 3.0419048e+08 | AX42: =SUM(AX37:AX41) -> 8.566548e+08 | AZ42: =SUM(AZ37:AZ41) -> 1.4510566e+08 | BA42: =SUM(BA37:BA41) -> 12092138 | BB42: =SUM(BB37:BB41) -> 12092138 | BC42: =SUM(BC37:BC41) -> 12092138 | BD42: =SUM(BD37:BD41) -> 12092138 | BE42: =SUM(BE37:BE41) -> 12092138 | BF42: =SUM(BF37:BF41) -> 12092138 | BG42: =SUM(BG37:BG41) -> 12092138 | ... BL42: =SUM(BL37:BL41) -> 12092138
C44: 45799 | E44: 1 | F44: Motor Honda Vario 160ABS | G44: 0.125 | H44: 0.125 | L44: 28671531 | O44: =+L44 -> 28671531 | R44: =100%/H44 -> 8 | S44: =R44*12 -> 96 | T44: =MONTH(C44) -> 5 | U44: =YEAR(C44) -> 2025 | V44: =IF(T44=1, 12, T44-1) -> 4 | W44: =IF(T44=1,U44+R44-1,U44+R44) -> 2033 | Y44: =L44/S44 -> 298661.78 | Z44: 96 | AE44: 96 | AJ44: =+AE44-AF44 -> 96 | AO44: =+AJ44-AK44 -> 96 | AP44: 8 | AQ44: =AP44*Y44 -> 2389294.2 | AR44: =AM44+AQ44 -> 2389294.2 | AS44: =O44-AR44 -> 26282237 | AT44: =+AO44-AP44 -> 88 | AU44: 12 | AV44: =AU44*Y44 -> 3583941.4 | AW44: =AR44+AV44 -> 5973235.6 | AX44: =O44-AW44 -> 22698295 | AZ44: =SUM(BA44:BL44) -> 3583941.4 | BA44: =+Y44*1 -> 298661.78 | BB44: =+Y44*1 -> 298661.78 | BC44: =+Y44*1 -> 298661.78 | BD44: =+Y44*1 -> 298661.78 | BE44: =+Y44*1 -> 298661.78 | BF44: =+Y44*1 -> 298661.78 | BG44: =+Y44*1 -> 298661.78 | BH44: =+Y44*1 -> 298661.78 | BI44: =+Y44*1 -> 298661.78 | BJ44: =+Y44*1 -> 298661.78 | BK44: =+Y44*1 -> 298661.78 | BL44: =+Y44*1 -> 298661.78
C45: 45883 | E45: 1 | F45: Mobil JAECOO-J7-SHS | G45: 0.125 | H45: 0.125 | L45: 463126809 | O45: =+L45 -> 463126809 | R45: =100%/H45 -> 8 | S45: =R45*12 -> 96 | T45: =MONTH(C45) -> 8 | U45: =YEAR(C45) -> 2025 | V45: =IF(T45=1, 12, T45-1) -> 7 | W45: =IF(T45=1,U45+R45-1,U45+R45) -> 2033 | Y45: =L45/S45 -> 4824237.6 | Z45: 96 | AE45: 96 | AJ45: =+AE45-AF45 -> 96 | AO45: =+AJ45-AK45 -> 96 | AP45: 5 | AQ45: =AP45*Y45 -> 24121188 | AR45: =AM45+AQ45 -> 24121188 | AS45: =O45-AR45 -> 4.3900562e+08 | AT45: =+AO45-AP45 -> 91 | AU45: 12 | AV45: =AU45*Y45 -> 57890851 | AW45: =AR45+AV45 -> 82012039 | AX45: =O45-AW45 -> 3.8111477e+08 | AZ45: =SUM(BA45:BL45) -> 57890851 | BA45: =+Y45*1 -> 4824237.6 | BB45: =+Y45*1 -> 4824237.6 | BC45: =+Y45*1 -> 4824237.6 | BD45: =+Y45*1 -> 4824237.6 | BE45: =+Y45*1 -> 4824237.6 | BF45: =+Y45*1 -> 4824237.6 | BG45: =+Y45*1 -> 4824237.6 | BH45: =+Y45*1 -> 4824237.6 | BI45: =+Y45*1 -> 4824237.6 | BJ45: =+Y45*1 -> 4824237.6 | BK45: =+Y45*1 -> 4824237.6 | BL45: =+Y45*1 -> 4824237.6
L47: =SUM(L44:L46) -> 491798340 | O47: =SUM(O44:O46) -> 491798340 | AQ47: =SUM(AQ44:AQ46) -> 26510482 | AR47: =SUM(AR44:AR46) -> 26510482 | AS47: =SUM(AS44:AS46) -> 4.6528786e+08 | AV47: =SUM(AV44:AV46) -> 61474792 | AW47: =SUM(AW44:AW46) -> 87985275 | AX47: =SUM(AX44:AX46) -> 4.0381307e+08 | AZ47: =SUM(AZ44:AZ46) -> 61474792 | BA47: =SUM(BA44:BA46) -> 5122899.4 | BB47: =SUM(BB44:BB46) -> 5122899.4 | BC47: =SUM(BC44:BC46) -> 5122899.4 | BD47: =SUM(BD44:BD46) -> 5122899.4 | BE47: =SUM(BE44:BE46) -> 5122899.4 | BF47: =SUM(BF44:BF46) -> 5122899.4 | BG47: =SUM(BG44:BG46) -> 5122899.4 | ... BL47: =SUM(BL44:BL46) -> 5122899.4
L50: =+L35+L42+L47 -> 5751743918 | AL50: =+AL35+AL42 -> 4.1647467e+08 | AM50: =+AM35+AM42 -> 2.5293149e+09 | AN50: =+AN35+AN42 -> 2.7306307e+09 | AQ50: =+AQ35+AQ42+AQ47 -> 4.9082427e+08 | AR50: =+AR35+AR42+AR47 -> 2.4734448e+09 | AS50: =+AS35+AS42+AS47 -> 2.7316047e+09 | AV50: =+AV35+AV42+AV47 -> 4.3909026e+08 | AW50: =+AW35+AW42+AW47 -> 2.820035e+09 | AX50: =+AX35+AX42+AX47 -> 2.1450145e+09 | AZ50: =+AZ35+AZ42+AZ47 -> 4.3909026e+08 | BA50: =+BA35+BA42+BA47 -> 36888945 | BB50: =+BB35+BB42+BB47 -> 36666028 | BC50: =+BC35+BC42+BC47 -> 36666028 | BD50: =+BD35+BD42+BD47 -> 36666028 | BE50: =+BE35+BE42+BE47 -> 36666028 | BF50: =+BF35+BF42+BF47 -> 36666028 | BG50: =+BG35+BG42+BG47 -> 36666028 | ... BL50: =+BL35+BL42+BL47 -> 36384778
E54: ASET TA
C55: 39520 | D55: 42733 | E55: Toyota Kijang Inova B 2203 SY | H55: 0.125 | I55: 245194040 | L55: =I55+J55-K55 -> 245194040 | O55: =L55+M55-N55 -> 245194040 | R55: =100%/H55 -> 8 | S55: =R55*12 -> 96 | T55: =MONTH(D55) -> 12 | U55: =YEAR(D55) -> 2016 | V55: =IF(T55=1, 12, T55-1) -> 11 | W55: =IF(T55=1,U55+R55-1,U55+R55) -> 2024 | Y55: =L55/S55 -> 2554104.6 | Z55: 35 | AA55: 11 | AB55: =AA55*Y55 -> 28095150 | AC55: 1.8134143e+08 | AD55: =O55-AC55 -> 63852615 | AZ55: =SUM(BA55:BL55) -> 0 | BA55: =+Y55*0 -> 0 | BB55: =+Y55*0 -> 0 | BC55: =+Y55*0 -> 0 | BD55: =+Y55*0 -> 0 | BE55: =+Y55*0 -> 0 | BF55: =+Y55*0 -> 0 | BG55: =+Y55*0 -> 0 | BH55: =+Y55*0 -> 0 | BI55: =+Y55*0 -> 0 | BJ55: =+Y55*0 -> 0 | BK55: =+Y55*0 -> 0 | BL55: =+Y55*0 -> 0
C56: 40522 | D56: 42733 | E56: Isuzu Elf NKR 55 95 B 9147 KDA | H56: 0.125 | I56: 258015000 | L56: =I56+J56-K56 -> 258015000 | O56: =L56+M56-N56 -> 258015000 | R56: =100%/H56 -> 8 | S56: =R56*12 -> 96 | T56: =MONTH(D56) -> 12 | U56: =YEAR(D56) -> 2016 | V56: =IF(T56=1, 12, T56-1) -> 11 | W56: =IF(T56=1,U56+R56-1,U56+R56) -> 2024 | Y56: =L56/S56 -> 2687656.2 | Z56: 35 | AA56: 12 | AB56: =AA56*Y56 -> 32251875 | AC56: 193511250 | AD56: =O56-AC56 -> 64503750 | AE56: =+Z56-AA56 -> 23 | AF56: 12 | AG56: =AF56*Y56 -> 32251875 | AH56: =AC56+AG56 -> 225763125 | AI56: =O56-AH56 -> 32251875 | AJ56: =+AE56-AF56 -> 11 | AK56: 12 | AL56: =AK56*Y56 -> 32251875 | AM56: =AH56+AL56 -> 258015000 | AN56: =O56-AM56 -> 0 | AQ56: =AP56*Y56 -> 0 | AR56: =AM56+AQ56 -> 258015000 | AS56: =O56-AR56 -> 0 | AV56: =AU56*AD56 -> 0 | AW56: =AR56+AV56 -> 258015000 | AX56: =O56-AW56 -> 0 | AZ56: =SUM(BA56:BL56) -> 0 | BA56: =+Y56*0 -> 0 | BB56: =+Y56*0 -> 0 | BC56: =+Y56*0 -> 0 | BD56: =+Y56*0 -> 0 | BE56: =+Y56*0 -> 0 | BF56: =+Y56*0 -> 0 | BG56: =+Y56*0 -> 0 | BH56: =+Y56*0 -> 0 | BI56: =+Y56*0 -> 0 | BJ56: =+Y56*0 -> 0 | BK56: =+Y56*0 -> 0 | BL56: =+Y56*0 -> 0
C57: 40522 | D57: 42733 | E57: Toyota Avanza B.1880 KFV | H57: 0.125 | I57: 180150000 | L57: =I57+J57-K57 -> 180150000 | O57: =L57+M57-N57 -> 180150000 | R57: =100%/H57 -> 8 | S57: =R57*12 -> 96 | T57: =MONTH(D57) -> 12 | U57: =YEAR(D57) -> 2016 | V57: =IF(T57=1, 12, T57-1) -> 11 | W57: =IF(T57=1,U57+R57-1,U57+R57) -> 2024 | Y57: =L57/S57 -> 1876562.5 | Z57: 35 | AA57: 12 | AB57: =AA57*Y57 -> 22518750 | AC57: 135112500 | AD57: =O57-AC57 -> 45037500 | AZ57: =SUM(BA57:BL57) -> 0 | BA57: =+Y57*0 -> 0 | BB57: =+Y57*0 -> 0 | BC57: =+Y57*0 -> 0 | BD57: =+Y57*0 -> 0 | BE57: =+Y57*0 -> 0 | BF57: =+Y57*0 -> 0 | BG57: =+Y57*0 -> 0 | BH57: =+Y57*0 -> 0 | BI57: =+Y57*0 -> 0 | BJ57: =+Y57*0 -> 0 | BK57: =+Y57*0 -> 0 | BL57: =+Y57*0 -> 0
C58: 40522 | D58: 42733 | E58: Toyota Avanza B.1468 KFX | H58: 0.125 | I58: 180150000 | L58: =I58+J58-K58 -> 180150000 | O58: =L58+M58-N58 -> 180150000 | R58: =100%/H58 -> 8 | S58: =R58*12 -> 96 | T58: =MONTH(D58) -> 12 | U58: =YEAR(D58) -> 2016 | V58: =IF(T58=1, 12, T58-1) -> 11 | W58: =IF(T58=1,U58+R58-1,U58+R58) -> 2024 | Y58: =L58/S58 -> 1876562.5 | Z58: 35 | AA58: 10 | AB58: =AA58*Y58 -> 18765625 | AC58: 131359375 | AD58: =O58-AC58 -> 48790625 | AZ58: =SUM(BA58:BL58) -> 0 | BA58: =+Y58*0 -> 0 | BB58: =+Y58*0 -> 0 | BC58: =+Y58*0 -> 0 | BD58: =+Y58*0 -> 0 | BE58: =+Y58*0 -> 0 | BF58: =+Y58*0 -> 0 | BG58: =+Y58*0 -> 0 | BH58: =+Y58*0 -> 0 | BI58: =+Y58*0 -> 0 | BJ58: =+Y58*0 -> 0 | BK58: =+Y58*0 -> 0 | BL58: =+Y58*0 -> 0
C59: 40522 | D59: 42733 | E59: Toyota Avanza B.1469 KFX | H59: 0.125 | I59: 180150000 | L59: =I59+J59-K59 -> 180150000 | O59: =L59+M59-N59 -> 180150000 | R59: =100%/H59 -> 8 | S59: =R59*12 -> 96 | T59: =MONTH(D59) -> 12 | U59: =YEAR(D59) -> 2016 | V59: =IF(T59=1, 12, T59-1) -> 11 | W59: =IF(T59=1,U59+R59-1,U59+R59) -> 2024 | Y59: =L59/S59 -> 1876562.5 | Z59: 35 | AA59: 10 | AB59: =AA59*Y59 -> 18765625 | AC59: 131359375 | AD59: =O59-AC59 -> 48790625 | AZ59: =SUM(BA59:BL59) -> 0 | BA59: =+Y59*0 -> 0 | BB59: =+Y59*0 -> 0 | BC59: =+Y59*0 -> 0 | BD59: =+Y59*0 -> 0 | BE59: =+Y59*0 -> 0 | BF59: =+Y59*0 -> 0 | BG59: =+Y59*0 -> 0 | BH59: =+Y59*0 -> 0 | BI59: =+Y59*0 -> 0 | BJ59: =+Y59*0 -> 0 | BK59: =+Y59*0 -> 0 | BL59: =+Y59*0 -> 0
C60: 42048 | D60: 42733 | E60: Toyota Avanza Veloz B.1541 KRG | H60: 0.125 | I60: 178638000 | L60: =I60+J60-K60 -> 178638000 | O60: =L60+M60-N60 -> 178638000 | R60: =100%/H60 -> 8 | S60: =R60*12 -> 96 | T60: =MONTH(D60) -> 12 | U60: =YEAR(D60) -> 2016 | V60: =IF(T60=1, 12, T60-1) -> 11 | W60: =IF(T60=1,U60+R60-1,U60+R60) -> 2024 | Y60: =L60/S60 -> 1860812.5 | Z60: 35 | AA60: 12 | AB60: =AA60*Y60 -> 22329750 | AC60: 133978500 | AD60: =O60-AC60 -> 44659500 | AE60: =+Z60-AA60 -> 23 | AF60: 12 | AG60: =AF60*Y60 -> 22329750 | AH60: =AC60+AG60 -> 156308250 | AI60: =O60-AH60 -> 22329750 | AJ60: =+AE60-AF60 -> 11 | AK60: 12 | AL60: =AK60*Y60 -> 22329750 | AM60: =AH60+AL60 -> 178638000 | AN60: =O60-AM60 -> 0 | AQ60: =AP60*Y60 -> 0 | AV60: =AU60*AD60 -> 0 | AZ60: =SUM(BA60:BL60) -> 0 | BA60: =+Y60*0 -> 0 | BB60: =+Y60*0 -> 0 | BC60: =+Y60*0 -> 0 | BD60: =+Y60*0 -> 0 | BE60: =+Y60*0 -> 0 | BF60: =+Y60*0 -> 0 | BG60: =+Y60*0 -> 0 | BH60: =+Y60*0 -> 0 | BI60: =+Y60*0 -> 0 | BJ60: =+Y60*0 -> 0 | BK60: =+Y60*0 -> 0 | BL60: =+Y60*0 -> 0
I62: =SUM(I11:I61) -> 3192702237 | J62: =SUM(J11:J61) -> 48400000 | K62: =SUM(K11:K61) -> 0 | L62: =SUM(L55:L61) -> 1222297040 | AB62: =SUM(AB55:AB61) -> 1.4272678e+08 | AC62: =SUM(AC55:AC61) -> 9.0666243e+08 | AD62: =SUM(AD55:AD61) -> 3.1563461e+08 | AG62: =SUM(AG55:AG61) -> 54581625 | AH62: =SUM(AH55:AH61) -> 382071375 | AI62: =SUM(AI55:AI61) -> 54581625 | AL62: =SUM(AL55:AL61) -> 54581625 | AM62: =SUM(AM55:AM61) -> 436653000 | AN62: =SUM(AN55:AN61) -> 0 | AQ62: =SUM(AQ55:AQ61) -> 0 | AR62: =SUM(AR55:AR61) -> 258015000 | AS62: =SUM(AS55:AS61) -> 0 | AV62: =SUM(AV55:AV61) -> 0 | AW62: =SUM(AW55:AW61) -> 258015000 | AX62: =SUM(AX55:AX61) -> 0 | AZ62: =SUM(AZ55:AZ61) -> 0 | BA62: =SUM(BA55:BA61) -> 0 | BB62: =SUM(BB55:BB61) -> 0 | BC62: =SUM(BC55:BC61) -> 0 | BD62: =SUM(BD55:BD61) -> 0 | BE62: =SUM(BE55:BE61) -> 0 | BF62: =SUM(BF55:BF61) -> 0 | BG62: =SUM(BG55:BG61) -> 0 | ... BL62: =SUM(BL55:BL61) -> 0
L64: =+L50+L62 -> 6974040958 | AB64: =+AB35+AB62 -> 3.3909811e+08 | AC64: =+AC35+AC62 -> 2.6136954e+09 | AD64: =+AD35+AD62 -> 2.7077019e+09 | AG64: =+AG35+AG62 -> 4.603889e+08 | AH64: =+AH35+AH62 -> 2.4949116e+09 | AI64: =+AI35+AI62 -> 2.0408417e+09 | AL64: =+AL50+AL62 -> 4.7105629e+08 | AM64: =+AM50+AM62 -> 2.9659679e+09 | AN64: =+AN50+AN62 -> 2.7306307e+09 | AQ64: =+AQ50+AQ62 -> 4.9082427e+08 | AR64: =+AR50+AR62 -> 2.7314598e+09 | AS64: =+AS50+AS62 -> 2.7316047e+09 | AV64: =+AV50+AV62 -> 4.3909026e+08 | AW64: =+AW50+AW62 -> 3.07805e+09 | AX64: =+AX50+AX62 -> 2.1450145e+09 | AZ64: =+AZ50+AZ62 -> 4.3909026e+08 | BA64: =+BA50+BA62 -> 36888945 | BB64: =+BB50+BB62 -> 36666028 | BC64: =+BC50+BC62 -> 36666028 | BD64: =+BD50+BD62 -> 36666028 | BE64: =+BE50+BE62 -> 36666028 | BF64: =+BF50+BF62 -> 36666028 | BG64: =+BG50+BG62 -> 36666028 | ... BL64: =+BL50+BL62 -> 36384778
B65: Audit Notes:
L66: =+L36+L64 -> 6974040958 | AC66: =+AC64 -> 2.6136954e+09 | AD66: =+L66-AC66 -> 4.3603456e+09
C67: Harga Perolehan | L67: =+L55+L58+L59+L57 -> 785644040 | M67: OKT/NOP/DES 2022 | AC67: =+AC58+AC59+AC55+AC57 -> 5.7917268e+08
C68: Audit
C69: Per Book | L69: =+L66-L67 -> 6188396918 | AC69: =+AC66-AC67 -> 2.0345227e+09 | AD69: =+L69-AC69 -> 4.1538742e+09
L70: =+L15 -> 175911139 | AM70: =+AM15 -> 175911139
L71: =+L60 -> 178638000 | AM71: =+AM60 -> 178638000
L72: =+L13 -> 193897458
L73: =+L14 -> 176885845
L74: =+L29 -> 240000000 | AQ74: =+AQ29 -> 17500000 | AR74: =+AR29 -> 92500000 | AS74: =+AS29 -> 147500000 | AV74: =+AV29 -> 0 | AW74: =+AW29 -> 0 | AX74: =+AX29 -> 0
L75: =+L69-L70-L71-L72-L73-L74 -> 5223064476 | AL75: =+AL64-AL70 -> 4.7105629e+08 | AM75: =+AM64-AM70-AM71 -> 2.6114188e+09 | AN75: =+AN64-AN70 -> 2.7306307e+09 | AQ75: =+AQ50+AQ62-AQ74 -> 4.7332427e+08 | AR75: =+AR50+AR62-AR74 -> 2.6389598e+09 | AS75: =+AS50+AS62-AS74 -> 2.5841047e+09 | AV75: =+AV50+AV62-AV74 -> 4.3909026e+08 | AW75: =+AW50+AW62-AW74 -> 3.07805e+09 | AX75: =+AX50+AX62-AX74 -> 2.1450145e+09
C76: Akumulasi Penyusutan
C78: Audit | H78: =#REF! -> #REF!
C79: Per Book | H79: =#REF! -> #REF!
H80: =H78-H79 -> #REF!
C81: Selisih akm peny tahun 2017 | G81: =#REF! -> #REF!
C82: Selisih beban peny tahun 2018 | G82: =-#REF! -> #REF!
H83: =SUM(G81:G83) -> #REF!
C84: Selisih | H84: =H80-H83 -> #REF!
B87: PAJE:
C89: 1 | D89: 412-066 | E89: Penyusutan Aktiva Tetap | G89: =G82 -> #REF!
D90: 500-015-x | E90: Lain -lain | G90: =G81 -> #REF!
D91: 158-301 | F91: Akumulasi Penyusutan - Kendaraan | H91: =SUM(G89:G91) -> #REF!
E92: (Kurang catat beban penyusutan untuk aset biasa dan aset TA)

Sheet Bangunan
B2: Client | E2: : | F2: =#REF! -> #REF!
B3: Period | E3: : | F3: 43830
B4: Schedule | E4: : | F4: Tes Perhitungan Beban Penyusutan Aset Tetap
B6: No | C6: Tanggal Perolehan | E6: Deskripsi | G6: Tarif | H6: Harga Perolehan | L6: PAJE/CAJE/RJE | O6: Life | S6: Beginning of Depreciation | U6: Ending of Depreciation | W6: Penyusutan per Bulan | Y6: 44926 | AD6: 45291 | AI6: 45657 | AN6: 46022 | AS6: 46387
D7: No Voucher | H7: 43100 | I7: Penambahan | J7: Pengurangan | K7: 43465 | L7: Dr | M7: Cr | N7: =K7 -> 43465 | O7: Awal | Q7: Penyesuaian | S7: Month | T7: Year | U7: Month | V7: Year | Y7: Bulan | AA7: Beban Penyusutan | AB7: Akumulasi Penyusutan | AC7: Nilai Buku | AD7: Bulan | AF7: Beban Penyusutan | AG7: Akumulasi Penyusutan | AH7: Nilai Buku | AI7: Bulan | AK7: Beban Penyusutan | AL7: Akumulasi Penyusutan | AM7: Nilai Buku | AN7: Bulan | AP7: Beban Penyusutan | AQ7: Akumulasi Penyusutan | AR7: Nilai Buku | AS7: Bulan | AU7: Beban Penyusutan | AV7: Akumulasi Penyusutan | AW7: Nilai Buku | AY7: TOTAL | AZ7: JAN | BA7: FEB | BB7: MAR | BC7: APR | BD7: MAY | BE7: JUNE | BF7: JUL | BG7: AUG | BH7: SEP | BI7: OCT | BJ7: NOV | BK7: DEC
K8: Unaudited | N8: Audited | O8: Year | P8: Month | Q8: Year | R8: Month | W8: Awal | X8: Penyesuaian | AY8: 2026
C10: Bangunan
C12: 41722 | E12: Bangunan | G12: 0.1 | H12: 124000000 | K12: =H12+I12-J12 -> 124000000 | N12: =K12+L12-M12 -> 124000000 | O12: 4 | P12: =O12*12 -> 48 | Q12: =100%/G12 -> 10 | R12: =Q12*12 -> 120 | S12: =MONTH(C12) -> 3 | T12: =YEAR(C12) -> 2014 | U12: =IF(S12=1, 12, S12-1) -> 2 | V12: =IF(S12=1,T12+Q12-1,T12+Q12) -> 2024 | W12: =H12/P12 -> 2583333.3 | X12: 420542.64 | Y12: 26 | Z12: 12 | AA12: =Z12*X12 -> 5046511.6 | AB12: 1.181124e+08 | AC12: =N12-AB12 -> 5887596.9 | AD12: =+Y12-Z12 -> 14 | AE12: 12 | AF12: =AE12*X12 -> 5046511.6 | AG12: =+AB12+AF12 -> 1.2315891e+08 | AH12: =N12-AG12 -> 841085.27 | AI12: =+AD12-AE12 -> 2 | AJ12: 2 | AK12: =AJ12*X12 -> 841085.27 | AL12: =+AG12+AK12 -> 1.24e+08 | AM12: =N12-AL12 -> 0 | AN12: =+AI12-AJ12 -> 0 | AO12: 0 | AP12: =AO12*AC12 -> 0 | AQ12: =+AL12+AP12 -> 1.24e+08 | AR12: =N12-AQ12 -> 0 | AS12: =+AN12-AO12 -> 0 | AT12: 0 | AU12: =AT12*AH12 -> 0 | AV12: =+AQ12+AU12 -> 1.24e+08 | AW12: =N12-AV12 -> 0 | AY12: =SUM(AZ12:BK12) -> 0 | AZ12: =+X12*0 -> 0 | BA12: =+X12*0 -> 0 | BB12: =+X12*0 -> 0 | BC12: =+X12*0 -> 0 | BD12: =+X12*0 -> 0 | BE12: =+X12*0 -> 0 | BF12: =+X12*0 -> 0 | BG12: =+X12*0 -> 0 | BH12: =+X12*0 -> 0 | BI12: =+X12*0 -> 0 | BJ12: =+X12*0 -> 0 | BK12: =+X12*0 -> 0
C13: 41750 | E13: Bangunan | G13: 0.1 | H13: 93000000 | K13: =H13+I13-J13 -> 93000000 | N13: =K13+L13-M13 -> 93000000 | O13: 4 | P13: =O13*12 -> 48 | Q13: =100%/G13 -> 10 | R13: =Q13*12 -> 120 | S13: =MONTH(C13) -> 4 | T13: =YEAR(C13) -> 2014 | U13: =IF(S13=1, 12, S13-1) -> 3 | V13: =IF(S13=1,T13+Q13-1,T13+Q13) -> 2024 | W13: =H13/P13 -> 1937500 | X13: 334051.72 | Y13: 27 | Z13: 12 | AA13: =Z13*X13 -> 4008620.7 | AB13: 87989224 | AC13: =N13-AB13 -> 5010775.9 | AD13: =+Y13-Z13 -> 15 | AE13: 12 | AF13: =AE13*X13 -> 4008620.7 | AG13: =+AB13+AF13 -> 91997845 | AH13: =N13-AG13 -> 1002155.2 | AI13: =+AD13-AE13 -> 3 | AJ13: 3 | AK13: =AJ13*X13 -> 1002155.2 | AL13: =+AG13+AK13 -> 93000000 | AM13: =N13-AL13 -> 0 | AN13: =+AI13-AJ13 -> 0 | AO13: 0 | AP13: =AO13*AC13 -> 0 | AQ13: =+AL13+AP13 -> 93000000 | AR13: =N13-AQ13 -> 0 | AS13: =+AN13-AO13 -> 0 | AT13: 0 | AU13: =AT13*AH13 -> 0 | AV13: =+AQ13+AU13 -> 93000000 | AW13: =N13-AV13 -> 0 | AY13: =SUM(AZ13:BK13) -> 0 | AZ13: =+X13*0 -> 0 | BA13: =+X13*0 -> 0 | BB13: =+X13*0 -> 0 | BC13: =+X13*0 -> 0 | BD13: =+X13*0 -> 0 | BE13: =+X13*0 -> 0 | BF13: =+X13*0 -> 0 | BG13: =+X13*0 -> 0 | BH13: =+X13*0 -> 0 | BI13: =+X13*0 -> 0 | BJ13: =+X13*0 -> 0 | BK13: =+X13*0 -> 0
C14: 41817 | E14: Bangunan | G14: 0.1 | H14: 77500000 | K14: =H14+I14-J14 -> 77500000 | N14: =K14+L14-M14 -> 77500000 | O14: 4 | P14: =O14*12 -> 48 | Q14: =100%/G14 -> 10 | R14: =Q14*12 -> 120 | S14: =MONTH(C14) -> 6 | T14: =YEAR(C14) -> 2014 | U14: =IF(S14=1, 12, S14-1) -> 5 | V14: =IF(S14=1,T14+Q14-1,T14+Q14) -> 2024 | W14: =H14/P14 -> 1614583.3 | X14: 308403.56 | Y14: 29 | Z14: 12 | AA14: =Z14*X14 -> 3700842.7 | AB14: 72257140 | AC14: =N14-AB14 -> 5242860.5 | AD14: =+Y14-Z14 -> 17 | AE14: 12 | AF14: =AE14*X14 -> 3700842.7 | AG14: =+AB14+AF14 -> 75957982 | AH14: =N14-AG14 -> 1542017.8 | AI14: =+AD14-AE14 -> 5 | AJ14: 5 | AK14: =AJ14*X14 -> 1542017.8 | AL14: =+AG14+AK14 -> 77500000 | AM14: =N14-AL14 -> 0 | AN14: =+AI14-AJ14 -> 0 | AO14: 0 | AP14: =AO14*AC14 -> 0 | AQ14: =+AL14+AP14 -> 77500000 | AR14: =N14-AQ14 -> 0 | AS14: =+AN14-AO14 -> 0 | AT14: 0 | AU14: =AT14*AH14 -> 0 | AV14: =+AQ14+AU14 -> 77500000 | AW14: =N14-AV14 -> 0 | AY14: =SUM(AZ14:BK14) -> 0 | AZ14: =+X14*0 -> 0 | BA14: =+X14*0 -> 0 | BB14: =+X14*0 -> 0 | BC14: =+X14*0 -> 0 | BD14: =+X14*0 -> 0 | BE14: =+X14*0 -> 0 | BF14: =+X14*0 -> 0 | BG14: =+X14*0 -> 0 | BH14: =+X14*0 -> 0 | BI14: =+X14*0 -> 0 | BJ14: =+X14*0 -> 0 | BK14: =+X14*0 -> 0
C15: 41817 | E15: Bangunan | G15: 0.1 | H15: 39000000 | K15: =H15+I15-J15 -> 39000000 | N15: =K15+L15-M15 -> 39000000 | O15: 4 | P15: =O15*12 -> 48 | Q15: =100%/G15 -> 10 | R15: =Q15*12 -> 120 | S15: =MONTH(C15) -> 6 | T15: =YEAR(C15) -> 2014 | U15: =IF(S15=1, 12, S15-1) -> 5 | V15: =IF(S15=1,T15+Q15-1,T15+Q15) -> 2024 | W15: =H15/P15 -> 812500 | X15: 155196.63 | Y15: 29 | Z15: 12 | AA15: =Z15*X15 -> 1862359.6 | AB15: 36361657 | AC15: =N15-AB15 -> 2638342.7 | AD15: =+Y15-Z15 -> 17 | AE15: 12 | AF15: =AE15*X15 -> 1862359.6 | AG15: =+AB15+AF15 -> 38224017 | AH15: =N15-AG15 -> 775983.15 | AI15: =+AD15-AE15 -> 5 | AJ15: 5 | AK15: =AJ15*X15 -> 775983.15 | AL15: =+AG15+AK15 -> 39000000 | AM15: =N15-AL15 -> 0 | AN15: =+AI15-AJ15 -> 0 | AO15: 0 | AP15: =AO15*AC15 -> 0 | AQ15: =+AL15+AP15 -> 39000000 | AR15: =N15-AQ15 -> 0 | AS15: =+AN15-AO15 -> 0 | AT15: 0 | AU15: =AT15*AH15 -> 0 | AV15: =+AQ15+AU15 -> 39000000 | AW15: =N15-AV15 -> 0 | AY15: =SUM(AZ15:BK15) -> 0 | AZ15: =+X15*0 -> 0 | BA15: =+X15*0 -> 0 | BB15: =+X15*0 -> 0 | BC15: =+X15*0 -> 0 | BD15: =+X15*0 -> 0 | BE15: =+X15*0 -> 0 | BF15: =+X15*0 -> 0 | BG15: =+X15*0 -> 0 | BH15: =+X15*0 -> 0 | BI15: =+X15*0 -> 0 | BJ15: =+X15*0 -> 0 | BK15: =+X15*0 -> 0
C16: 41926 | E16: Bangunan | G16: 0.1 | H16: 40000000 | K16: =H16+I16-J16 -> 40000000 | N16: =K16+L16-M16 -> 40000000 | O16: 4 | P16: =O16*12 -> 48 | Q16: =100%/G16 -> 10 | R16: =Q16*12 -> 120 | S16: =MONTH(C16) -> 10 | T16: =YEAR(C16) -> 2014 | U16: =IF(S16=1, 12, S16-1) -> 9 | V16: =IF(S16=1,T16+Q16-1,T16+Q16) -> 2024 | W16: =H16/P16 -> 833333.33 | X16: 188172.04 | Y16: 33 | Z16: 12 | AA16: =Z16*X16 -> 2258064.5 | AB16: 36048387 | AC16: =N16-AB16 -> 3951612.9 | AD16: =+Y16-Z16 -> 21 | AE16: 12 | AF16: =AE16*X16 -> 2258064.5 | AG16: =+AB16+AF16 -> 38306452 | AH16: =N16-AG16 -> 1693548.4 | AI16: =+AD16-AE16 -> 9 | AJ16: 9 | AK16: =AJ16*X16 -> 1693548.4 | AL16: =+AG16+AK16 -> 40000000 | AM16: =N16-AL16 -> 0 | AN16: =+AI16-AJ16 -> 0 | AO16: 0 | AP16: =AO16*AC16 -> 0 | AQ16: =+AL16+AP16 -> 40000000 | AR16: =N16-AQ16 -> 0 | AS16: =+AN16-AO16 -> 0 | AT16: 0 | AU16: =AT16*AH16 -> 0 | AV16: =+AQ16+AU16 -> 40000000 | AW16: =N16-AV16 -> 0 | AY16: =SUM(AZ16:BK16) -> 0 | AZ16: =+X16*0 -> 0 | BA16: =+X16*0 -> 0 | BB16: =+X16*0 -> 0 | BC16: =+X16*0 -> 0 | BD16: =+X16*0 -> 0 | BE16: =+X16*0 -> 0 | BF16: =+X16*0 -> 0 | BG16: =+X16*0 -> 0 | BH16: =+X16*0 -> 0 | BI16: =+X16*0 -> 0 | BJ16: =+X16*0 -> 0 | BK16: =+X16*0 -> 0
C17: 41934 | E17: Bangunan | G17: 0.1 | H17: 21000000 | K17: =H17+I17-J17 -> 21000000 | N17: =K17+L17-M17 -> 21000000 | O17: 4 | P17: =O17*12 -> 48 | Q17: =100%/G17 -> 10 | R17: =Q17*12 -> 120 | S17: =MONTH(C17) -> 10 | T17: =YEAR(C17) -> 2014 | U17: =IF(S17=1, 12, S17-1) -> 9 | V17: =IF(S17=1,T17+Q17-1,T17+Q17) -> 2024 | W17: =H17/P17 -> 437500 | X17: 98790.323 | Y17: 33 | Z17: 12 | AA17: =Z17*X17 -> 1185483.9 | AB17: 18925403 | AC17: =N17-AB17 -> 2074596.8 | AD17: =+Y17-Z17 -> 21 | AE17: 12 | AF17: =AE17*X17 -> 1185483.9 | AG17: =+AB17+AF17 -> 20110887 | AH17: =N17-AG17 -> 889112.9 | AI17: =+AD17-AE17 -> 9 | AJ17: 9 | AK17: =AJ17*X17 -> 889112.9 | AL17: =+AG17+AK17 -> 21000000 | AM17: =N17-AL17 -> 0 | AN17: =+AI17-AJ17 -> 0 | AO17: 0 | AP17: =AO17*AC17 -> 0 | AQ17: =+AL17+AP17 -> 21000000 | AR17: =N17-AQ17 -> 0 | AS17: =+AN17-AO17 -> 0 | AT17: 0 | AU17: =AT17*AH17 -> 0 | AV17: =+AQ17+AU17 -> 21000000 | AW17: =N17-AV17 -> 0 | AY17: =SUM(AZ17:BK17) -> 0 | AZ17: =+X17*0 -> 0 | BA17: =+X17*0 -> 0 | BB17: =+X17*0 -> 0 | BC17: =+X17*0 -> 0 | BD17: =+X17*0 -> 0 | BE17: =+X17*0 -> 0 | BF17: =+X17*0 -> 0 | BG17: =+X17*0 -> 0 | BH17: =+X17*0 -> 0 | BI17: =+X17*0 -> 0 | BJ17: =+X17*0 -> 0 | BK17: =+X17*0 -> 0
C18: 42010 | E18: Renovasi Gedung Lt.2 | G18: 0.1 | H18: 58000000 | K18: =H18+I18-J18 -> 58000000 | N18: =K18+L18-M18 -> 58000000 | O18: 4 | P18: =O18*12 -> 48 | Q18: =100%/G18 -> 10 | R18: =Q18*12 -> 120 | S18: =MONTH(C18) -> 1 | T18: =YEAR(C18) -> 2015 | U18: =IF(S18=1, 12, S18-1) -> 12 | V18: =IF(S18=1,T18+Q18-1,T18+Q18) -> 2024 | W18: =H18/P18 -> 1208333.3 | X18: 302083.33 | Y18: 36 | Z18: 12 | AA18: =Z18*X18 -> 3625000 | AB18: 50750000 | AC18: =N18-AB18 -> 7250000 | AD18: =+Y18-Z18 -> 24 | AE18: 12 | AF18: =AE18*X18 -> 3625000 | AG18: =+AB18+AF18 -> 54375000 | AH18: =N18-AG18 -> 3625000 | AI18: =+AD18-AE18 -> 12 | AJ18: 12 | AK18: =AJ18*X18 -> 3625000 | AL18: =+AG18+AK18 -> 58000000 | AM18: =N18-AL18 -> 0 | AN18: =+AI18-AJ18 -> 0 | AO18: 0 | AP18: =AO18*AC18 -> 0 | AQ18: =+AL18+AP18 -> 58000000 | AR18: =N18-AQ18 -> 0 | AS18: =+AN18-AO18 -> 0 | AT18: 0 | AU18: =AT18*AH18 -> 0 | AV18: =+AQ18+AU18 -> 58000000 | AW18: =N18-AV18 -> 0 | AY18: =SUM(AZ18:BK18) -> 0 | AZ18: =+X18*0 -> 0 | BA18: =+X18*0 -> 0 | BB18: =+X18*0 -> 0 | BC18: =+X18*0 -> 0 | BD18: =+X18*0 -> 0 | BE18: =+X18*0 -> 0 | BF18: =+X18*0 -> 0 | BG18: =+X18*0 -> 0 | BH18: =+X18*0 -> 0 | BI18: =+X18*0 -> 0 | BJ18: =+X18*0 -> 0 | BK18: =+X18*0 -> 0
C19: 42033 | E19: Renovasi Gedung Lt.2 | G19: 0.1 | H19: 60000000 | K19: =H19+I19-J19 -> 60000000 | N19: =K19+L19-M19 -> 60000000 | O19: 4 | P19: =O19*12 -> 48 | Q19: =100%/G19 -> 10 | R19: =Q19*12 -> 120 | S19: =MONTH(C19) -> 1 | T19: =YEAR(C19) -> 2015 | U19: =IF(S19=1, 12, S19-1) -> 12 | V19: =IF(S19=1,T19+Q19-1,T19+Q19) -> 2024 | W19: =H19/P19 -> 1250000 | X19: 312500 | Y19: 36 | Z19: 12 | AA19: =Z19*X19 -> 3750000 | AB19: 52500000 | AC19: =N19-AB19 -> 7500000 | AD19: =+Y19-Z19 -> 24 | AE19: 12 | AF19: =AE19*X19 -> 3750000 | AG19: =+AB19+AF19 -> 56250000 | AH19: =N19-AG19 -> 3750000 | AI19: =+AD19-AE19 -> 12 | AJ19: 12 | AK19: =AJ19*X19 -> 3750000 | AL19: =+AG19+AK19 -> 60000000 | AM19: =N19-AL19 -> 0 | AN19: =+AI19-AJ19 -> 0 | AO19: 0 | AP19: =AO19*AC19 -> 0 | AQ19: =+AL19+AP19 -> 60000000 | AR19: =N19-AQ19 -> 0 | AS19: =+AN19-AO19 -> 0 | AT19: 0 | AU19: =AT19*AH19 -> 0 | AV19: =+AQ19+AU19 -> 60000000 | AW19: =N19-AV19 -> 0 | AY19: =SUM(AZ19:BK19) -> 0 | AZ19: =+X19*0 -> 0 | BA19: =+X19*0 -> 0 | BB19: =+X19*0 -> 0 | BC19: =+X19*0 -> 0 | BD19: =+X19*0 -> 0 | BE19: =+X19*0 -> 0 | BF19: =+X19*0 -> 0 | BG19: =+X19*0 -> 0 | BH19: =+X19*0 -> 0 | BI19: =+X19*0 -> 0 | BJ19: =+X19*0 -> 0 | BK19: =+X19*0 -> 0
C20: 42102 | E20: Sliding door lt.2 | G20: 0.1 | H20: 9500000 | K20: =H20+I20-J20 -> 9500000 | N20: =K20+L20-M20 -> 9500000 | O20: 4 | P20: =O20*12 -> 48 | Q20: =100%/G20 -> 10 | R20: =Q20*12 -> 120 | S20: =MONTH(C20) -> 4 | T20: =YEAR(C20) -> 2015 | U20: =IF(S20=1, 12, S20-1) -> 3 | V20: =IF(S20=1,T20+Q20-1,T20+Q20) -> 2025 | W20: =H20/P20 -> 197916.67 | X20: 53977.273 | Y20: 39 | Z20: 12 | AA20: =Z20*X20 -> 647727.27 | AB20: 8042613.6 | AC20: =N20-AB20 -> 1457386.4 | AD20: =+Y20-Z20 -> 27 | AE20: 12 | AF20: =AE20*X20 -> 647727.27 | AG20: =+AB20+AF20 -> 8690340.9 | AH20: =N20-AG20 -> 809659.09 | AI20: =+AD20-AE20 -> 15 | AJ20: 12 | AK20: =AJ20*X20 -> 647727.27 | AL20: =+AG20+AK20 -> 9338068.2 | AM20: =N20-AL20 -> 161931.82 | AN20: =+AI20-AJ20 -> 3 | AO20: 3 | AP20: =AO20*X20 -> 161931.82 | AQ20: =+AL20+AP20 -> 9500000 | AR20: =N20-AQ20 -> 0 | AS20: =+AN20-AO20 -> 0 | AT20: 0 | AU20: =AT20*AC20 -> 0 | AV20: =+AQ20+AU20 -> 9500000 | AW20: =N20-AV20 -> 0 | AY20: =SUM(AZ20:BK20) -> 0 | AZ20: =+X20*0 -> 0 | BA20: =+X20*0 -> 0 | BB20: =+X20*0 -> 0 | BC20: =+X20*0 -> 0 | BD20: =+X20*0 -> 0 | BE20: =+X20*0 -> 0 | BF20: =+X20*0 -> 0 | BG20: =+X20*0 -> 0 | BH20: =+X20*0 -> 0 | BI20: =+X20*0 -> 0 | BJ20: =+X20*0 -> 0 | BK20: =+X20*0 -> 0
C21: 42107 | E21: Renovasi Gedung Lt.1 | G21: 0.1 | H21: 37000000 | K21: =H21+I21-J21 -> 37000000 | N21: =K21+L21-M21 -> 37000000 | O21: 4 | P21: =O21*12 -> 48 | Q21: =100%/G21 -> 10 | R21: =Q21*12 -> 120 | S21: =MONTH(C21) -> 4 | T21: =YEAR(C21) -> 2015 | U21: =IF(S21=1, 12, S21-1) -> 3 | V21: =IF(S21=1,T21+Q21-1,T21+Q21) -> 2025 | W21: =H21/P21 -> 770833.33 | X21: 210227.27 | Y21: 39 | Z21: 12 | AA21: =Z21*X21 -> 2522727.3 | AB21: 31323864 | AC21: =N21-AB21 -> 5676136.4 | AD21: =+Y21-Z21 -> 27 | AE21: 12 | AF21: =AE21*X21 -> 2522727.3 | AG21: =+AB21+AF21 -> 33846591 | AH21: =N21-AG21 -> 3153409.1 | AI21: =+AD21-AE21 -> 15 | AJ21: 12 | AK21: =AJ21*X21 -> 2522727.3 | AL21: =+AG21+AK21 -> 36369318 | AM21: =N21-AL21 -> 630681.82 | AN21: =+AI21-AJ21 -> 3 | AO21: 3 | AP21: =AO21*X21 -> 630681.82 | AQ21: =+AL21+AP21 -> 37000000 | AR21: =N21-AQ21 -> 0 | AS21: =+AN21-AO21 -> 0 | AT21: 0 | AU21: =AT21*AC21 -> 0 | AV21: =+AQ21+AU21 -> 37000000 | AW21: =N21-AV21 -> 0 | AY21: =SUM(AZ21:BK21) -> 0 | AZ21: =+X21*0 -> 0 | BA21: =+X21*0 -> 0 | BB21: =+X21*0 -> 0 | BC21: =+X21*0 -> 0 | BD21: =+X21*0 -> 0 | BE21: =+X21*0 -> 0 | BF21: =+X21*0 -> 0 | BG21: =+X21*0 -> 0 | BH21: =+X21*0 -> 0 | BI21: =+X21*0 -> 0 | BJ21: =+X21*0 -> 0 | BK21: =+X21*0 -> 0
C22: 42116 | E22: Renovasi Gedung Lt.1 | G22: 0.1 | H22: 68000000 | K22: =H22+I22-J22 -> 68000000 | N22: =K22+L22-M22 -> 68000000 | O22: 4 | P22: =O22*12 -> 48 | Q22: =100%/G22 -> 10 | R22: =Q22*12 -> 120 | S22: =MONTH(C22) -> 4 | T22: =YEAR(C22) -> 2015 | U22: =IF(S22=1, 12, S22-1) -> 3 | V22: =IF(S22=1,T22+Q22-1,T22+Q22) -> 2025 | W22: =H22/P22 -> 1416666.7 | X22: 386363.64 | Y22: 39 | Z22: 12 | AA22: =Z22*X22 -> 4636363.6 | AB22: 57568182 | AC22: =N22-AB22 -> 10431818 | AD22: =+Y22-Z22 -> 27 | AE22: 12 | AF22: =AE22*X22 -> 4636363.6 | AG22: =+AB22+AF22 -> 62204545 | AH22: =N22-AG22 -> 5795454.5 | AI22: =+AD22-AE22 -> 15 | AJ22: 12 | AK22: =AJ22*X22 -> 4636363.6 | AL22: =+AG22+AK22 -> 66840909 | AM22: =N22-AL22 -> 1159090.9 | AN22: =+AI22-AJ22 -> 3 | AO22: 3 | AP22: =AO22*X22 -> 1159090.9 | AQ22: =+AL22+AP22 -> 68000000 | AR22: =N22-AQ22 -> 0 | AS22: =+AN22-AO22 -> 0 | AT22: 0 | AU22: =AT22*AC22 -> 0 | AV22: =+AQ22+AU22 -> 68000000 | AW22: =N22-AV22 -> 0 | AY22: =SUM(AZ22:BK22) -> 0 | AZ22: =+X22*0 -> 0 | BA22: =+X22*0 -> 0 | BB22: =+X22*0 -> 0 | BC22: =+X22*0 -> 0 | BD22: =+X22*0 -> 0 | BE22: =+X22*0 -> 0 | BF22: =+X22*0 -> 0 | BG22: =+X22*0 -> 0 | BH22: =+X22*0 -> 0 | BI22: =+X22*0 -> 0 | BJ22: =+X22*0 -> 0 | BK22: =+X22*0 -> 0
C23: 42137 | E23: Renovasi Gedung Lt.1 | G23: 0.1 | H23: 35000000 | K23: =H23+I23-J23 -> 35000000 | N23: =K23+L23-M23 -> 35000000 | O23: 4 | P23: =O23*12 -> 48 | Q23: =100%/G23 -> 10 | R23: =Q23*12 -> 120 | S23: =MONTH(C23) -> 5 | T23: =YEAR(C23) -> 2015 | U23: =IF(S23=1, 12, S23-1) -> 4 | V23: =IF(S23=1,T23+Q23-1,T23+Q23) -> 2025 | W23: =H23/P23 -> 729166.67 | X23: 204166.67 | Y23: 40 | Z23: 12 | AA23: =Z23*X23 -> 2450000 | AB23: 29283333 | AC23: =N23-AB23 -> 5716666.7 | AD23: =+Y23-Z23 -> 28 | AE23: 12 | AF23: =AE23*X23 -> 2450000 | AG23: =+AB23+AF23 -> 31733333 | AH23: =N23-AG23 -> 3266666.7 | AI23: =+AD23-AE23 -> 16 | AJ23: 12 | AK23: =AJ23*X23 -> 2450000 | AL23: =+AG23+AK23 -> 34183333 | AM23: =N23-AL23 -> 816666.67 | AN23: =+AI23-AJ23 -> 4 | AO23: 4 | AP23: =AO23*X23 -> 816666.67 | AQ23: =+AL23+AP23 -> 35000000 | AR23: =N23-AQ23 -> 0 | AS23: =+AN23-AO23 -> 0 | AT23: 0 | AU23: =AT23*AC23 -> 0 | AV23: =+AQ23+AU23 -> 35000000 | AW23: =N23-AV23 -> 0 | AY23: =SUM(AZ23:BK23) -> 0 | AZ23: =+X23*0 -> 0 | BA23: =+X23*0 -> 0 | BB23: =+X23*0 -> 0 | BC23: =+X23*0 -> 0 | BD23: =+X23*0 -> 0 | BE23: =+X23*0 -> 0 | BF23: =+X23*0 -> 0 | BG23: =+X23*0 -> 0 | BH23: =+X23*0 -> 0 | BI23: =+X23*0 -> 0 | BJ23: =+X23*0 -> 0 | BK23: =+X23*0 -> 0
C24: 42247 | E24: Renovasi Gedung Lt.1 | G24: 0.1 | H24: 39250000 | K24: =H24+I24-J24 -> 39250000 | N24: =K24+L24-M24 -> 39250000 | O24: 4 | P24: =O24*12 -> 48 | Q24: =100%/G24 -> 10 | R24: =Q24*12 -> 120 | S24: =MONTH(C24) -> 8 | T24: =YEAR(C24) -> 2015 | U24: =IF(S24=1, 12, S24-1) -> 7 | V24: =IF(S24=1,T24+Q24-1,T24+Q24) -> 2025 | W24: =H24/P24 -> 817708.33 | X24: 246106.39 | Y24: 43 | Z24: 12 | AA24: =Z24*X24 -> 2953276.7 | AB24: 31620702 | AC24: =N24-AB24 -> 7629298.1 | AD24: =+Y24-Z24 -> 31 | AE24: 12 | AF24: =AE24*X24 -> 2953276.7 | AG24: =+AB24+AF24 -> 34573979 | AH24: =N24-AG24 -> 4676021.4 | AI24: =+AD24-AE24 -> 19 | AJ24: 12 | AK24: =AJ24*X24 -> 2953276.7 | AL24: =+AG24+AK24 -> 37527255 | AM24: =N24-AL24 -> 1722744.7 | AN24: =+AI24-AJ24 -> 7 | AO24: 7 | AP24: =AO24*X24 -> 1722744.7 | AQ24: =+AL24+AP24 -> 39250000 | AR24: =N24-AQ24 -> 0 | AS24: =+AN24-AO24 -> 0 | AT24: 0 | AU24: =AT24*AC24 -> 0 | AV24: =+AQ24+AU24 -> 39250000 | AW24: =N24-AV24 -> 0 | AY24: =SUM(AZ24:BK24) -> 0 | AZ24: =+X24*0 -> 0 | BA24: =+X24*0 -> 0 | BB24: =+X24*0 -> 0 | BC24: =+X24*0 -> 0 | BD24: =+X24*0 -> 0 | BE24: =+X24*0 -> 0 | BF24: =+X24*0 -> 0 | BG24: =+X24*0 -> 0 | BH24: =+X24*0 -> 0 | BI24: =+X24*0 -> 0 | BJ24: =+X24*0 -> 0 | BK24: =+X24*0 -> 0
C25: 42325 | E25: Renovasi Gedung Lt.1 | G25: 0.1 | H25: 3600000 | K25: =H25+I25-J25 -> 3600000 | N25: =K25+L25-M25 -> 3600000 | O25: 4 | P25: =O25*12 -> 48 | Q25: =100%/G25 -> 10 | R25: =Q25*12 -> 120 | S25: =MONTH(C25) -> 11 | T25: =YEAR(C25) -> 2015 | U25: =IF(S25=1, 12, S25-1) -> 10 | V25: =IF(S25=1,T25+Q25-1,T25+Q25) -> 2025 | W25: =H25/P25 -> 75000 | X25: 24056.604 | Y25: 46 | Z25: 12 | AA25: =Z25*X25 -> 288679.25 | AB25: 2782075.5 | AC25: =N25-AB25 -> 817924.53 | AD25: =+Y25-Z25 -> 34 | AE25: 12 | AF25: =AE25*X25 -> 288679.25 | AG25: =+AB25+AF25 -> 3070754.7 | AH25: =N25-AG25 -> 529245.28 | AI25: =+AD25-AE25 -> 22 | AJ25: 12 | AK25: =AJ25*X25 -> 288679.25 | AL25: =+AG25+AK25 -> 3359434 | AM25: =N25-AL25 -> 240566.04 | AN25: =+AI25-AJ25 -> 10 | AO25: 10 | AP25: =AO25*X25 -> 240566.04 | AQ25: =+AL25+AP25 -> 3600000 | AR25: =N25-AQ25 -> 0 | AS25: =+AN25-AO25 -> 0 | AT25: 0 | AU25: =AT25*AC25 -> 0 | AV25: =+AQ25+AU25 -> 3600000 | AW25: =N25-AV25 -> 0 | AY25: =SUM(AZ25:BK25) -> 0 | AZ25: =+X25*0 -> 0 | BA25: =+X25*0 -> 0 | BB25: =+X25*0 -> 0 | BC25: =+X25*0 -> 0 | BD25: =+X25*0 -> 0 | BE25: =+X25*0 -> 0 | BF25: =+X25*0 -> 0 | BG25: =+X25*0 -> 0 | BH25: =+X25*0 -> 0 | BI25: =+X25*0 -> 0 | BJ25: =+X25*0 -> 0 | BK25: =+X25*0 -> 0
C26: 42380 | E26: Renovasi Kantor Belakang-Progress-1 | G26: 0.1 | H26: 64000000 | K26: =H26+I26-J26 -> 64000000 | N26: =K26+L26-M26 -> 64000000 | O26: 4 | P26: =O26*12 -> 48 | Q26: =100%/G26 -> 10 | R26: =Q26*12 -> 120 | S26: =MONTH(C26) -> 1 | T26: =YEAR(C26) -> 2016 | U26: =IF(S26=1, 12, S26-1) -> 12 | V26: =IF(S26=1,T26+Q26-1,T26+Q26) -> 2025 | W26: =H26/P26 -> 1333333.3 | X26: 444444.44 | Y26: 48 | Z26: 12 | AA26: =Z26*X26 -> 5333333.3 | AB26: 48000000 | AC26: =N26-AB26 -> 16000000 | AD26: =+Y26-Z26 -> 36 | AE26: 12 | AF26: =AE26*X26 -> 5333333.3 | AG26: =+AB26+AF26 -> 53333333 | AH26: =N26-AG26 -> 10666667 | AI26: =+AD26-AE26 -> 24 | AJ26: 12 | AK26: =AJ26*X26 -> 5333333.3 | AL26: =+AG26+AK26 -> 58666667 | AM26: =N26-AL26 -> 5333333.3 | AN26: =+AI26-AJ26 -> 12 | AO26: 12 | AP26: =AO26*X26 -> 5333333.3 | AQ26: =+AL26+AP26 -> 64000000 | AR26: =N26-AQ26 -> 0 | AS26: =+AN26-AO26 -> 0 | AT26: 0 | AU26: =AT26*AC26 -> 0 | AV26: =+AQ26+AU26 -> 64000000 | AW26: =N26-AV26 -> 0 | AY26: =SUM(AZ26:BK26) -> 0 | AZ26: =+X26*0 -> 0 | BA26: =+X26*0 -> 0 | BB26: =+X26*0 -> 0 | BC26: =+X26*0 -> 0 | BD26: =+X26*0 -> 0 | BE26: =+X26*0 -> 0 | BF26: =+X26*0 -> 0 | BG26: =+X26*0 -> 0 | BH26: =+X26*0 -> 0 | BI26: =+X26*0 -> 0 | BJ26: =+X26*0 -> 0 | BK26: =+X26*0 -> 0
C27: 42411 | E27: Renovasi Kantor Belakang-Progress-2 | G27: 0.1 | H27: 64000000 | K27: =H27+I27-J27 -> 64000000 | N27: =K27+L27-M27 -> 64000000 | O27: 4 | P27: =O27*12 -> 48 | Q27: =100%/G27 -> 10 | R27: =Q27*12 -> 120 | S27: =MONTH(C27) -> 2 | T27: =YEAR(C27) -> 2016 | U27: =IF(S27=1, 12, S27-1) -> 1 | V27: =IF(S27=1,T27+Q27-1,T27+Q27) -> 2026 | W27: =H27/P27 -> 1333333.3 | X27: 452599.39 | Y27: 49 | Z27: 12 | AA27: =Z27*X27 -> 5431192.7 | AB27: 47253823 | AC27: =N27-AB27 -> 16746177 | AD27: =+Y27-Z27 -> 37 | AE27: 12 | AF27: =AE27*X27 -> 5431192.7 | AG27: =+AB27+AF27 -> 52685015 | AH27: =N27-AG27 -> 11314985 | AI27: =+AD27-AE27 -> 25 | AJ27: 12 | AK27: =AJ27*X27 -> 5431192.7 | AL27: =+AG27+AK27 -> 58116208 | AM27: =N27-AL27 -> 5883792 | AN27: =+AI27-AJ27 -> 13 | AO27: 12 | AP27: =AO27*X27 -> 5431192.7 | AQ27: =+AL27+AP27 -> 63547401 | AR27: =N27-AQ27 -> 452599.39 | AS27: =+AN27-AO27 -> 1 | AT27: 1 | AU27: =AT27*X27 -> 452599.39 | AV27: =+AQ27+AU27 -> 64000000 | AW27: =N27-AV27 -> 0 | AY27: =SUM(AZ27:BK27) -> 452599.39 | AZ27: =+X27*1 -> 452599.39 | BA27: =+X27*0 -> 0 | BB27: =+X27*0 -> 0 | BC27: =+X27*0 -> 0 | BD27: =+X27*0 -> 0 | BE27: =+X27*0 -> 0 | BF27: =+X27*0 -> 0 | BG27: =+X27*0 -> 0 | BH27: =+X27*0 -> 0 | BI27: =+X27*0 -> 0 | BJ27: =+X27*0 -> 0 | BK27: =+X27*0 -> 0
C28: 42426 | E28: Renovasi Kantor Belakang-Progress-3 | G28: 0.1 | H28: 64000000 | K28: =H28+I28-J28 -> 64000000 | N28: =K28+L28-M28 -> 64000000 | O28: 4 | P28: =O28*12 -> 48 | Q28: =100%/G28 -> 10 | R28: =Q28*12 -> 120 | S28: =MONTH(C28) -> 2 | T28: =YEAR(C28) -> 2016 | U28: =IF(S28=1, 12, S28-1) -> 1 | V28: =IF(S28=1,T28+Q28-1,T28+Q28) -> 2026 | W28: =H28/P28 -> 1333333.3 | X28: 452599.39 | Y28: 49 | Z28: 12 | AA28: =Z28*X28 -> 5431192.7 | AB28: 47253823 | AC28: =N28-AB28 -> 16746177 | AD28: =+Y28-Z28 -> 37 | AE28: 12 | AF28: =AE28*X28 -> 5431192.7 | AG28: =+AB28+AF28 -> 52685015 | AH28: =N28-AG28 -> 11314985 | AI28: =+AD28-AE28 -> 25 | AJ28: 12 | AK28: =AJ28*X28 -> 5431192.7 | AL28: =+AG28+AK28 -> 58116208 | AM28: =N28-AL28 -> 5883792 | AN28: =+AI28-AJ28 -> 13 | AO28: 12 | AP28: =AO28*X28 -> 5431192.7 | AQ28: =+AL28+AP28 -> 63547401 | AR28: =N28-AQ28 -> 452599.39 | AS28: =+AN28-AO28 -> 1 | AT28: 1 | AU28: =AT28*X28 -> 452599.39 | AV28: =+AQ28+AU28 -> 64000000 | AW28: =N28-AV28 -> 0 | AY28: =SUM(AZ28:BK28) -> 452599.39 | AZ28: =+X28*1 -> 452599.39 | BA28: =+X28*0 -> 0 | BB28: =+X28*0 -> 0 | BC28: =+X28*0 -> 0 | BD28: =+X28*0 -> 0 | BE28: =+X28*0 -> 0 | BF28: =+X28*0 -> 0 | BG28: =+X28*0 -> 0 | BH28: =+X28*0 -> 0 | BI28: =+X28*0 -> 0 | BJ28: =+X28*0 -> 0 | BK28: =+X28*0 -> 0
C29: 42440 | E29: Renovasi Kantor Belakang-Progress-4 | G29: 0.1 | H29: 48000000 | K29: =H29+I29-J29 -> 48000000 | N29: =K29+L29-M29 -> 48000000 | O29: 4 | P29: =O29*12 -> 48 | Q29: =100%/G29 -> 10 | R29: =Q29*12 -> 120 | S29: =MONTH(C29) -> 3 | T29: =YEAR(C29) -> 2016 | U29: =IF(S29=1, 12, S29-1) -> 2 | V29: =IF(S29=1,T29+Q29-1,T29+Q29) -> 2026 | W29: =H29/P29 -> 1000000 | X29: 345454.55 | Y29: 50 | Z29: 12 | AA29: =Z29*X29 -> 4145454.5 | AB29: 34872727 | AC29: =N29-AB29 -> 13127273 | AD29: =+Y29-Z29 -> 38 | AE29: 12 | AF29: =AE29*X29 -> 4145454.5 | AG29: =+AB29+AF29 -> 39018182 | AH29: =N29-AG29 -> 8981818.2 | AI29: =+AD29-AE29 -> 26 | AJ29: 12 | AK29: =AJ29*X29 -> 4145454.5 | AL29: =+AG29+AK29 -> 43163636 | AM29: =N29-AL29 -> 4836363.6 | AN29: =+AI29-AJ29 -> 14 | AO29: 12 | AP29: =AO29*X29 -> 4145454.5 | AQ29: =+AL29+AP29 -> 47309091 | AR29: =N29-AQ29 -> 690909.09 | AS29: =+AN29-AO29 -> 2 | AT29: 2 | AU29: =AT29*X29 -> 690909.09 | AV29: =+AQ29+AU29 -> 48000000 | AW29: =N29-AV29 -> 0 | AY29: =SUM(AZ29:BK29) -> 690909.09 | AZ29: =+X29*1 -> 345454.55 | BA29: =+X29*1 -> 345454.55 | BB29: =+X29*0 -> 0 | BC29: =+X29*0 -> 0 | BD29: =+X29*0 -> 0 | BE29: =+X29*0 -> 0 | BF29: =+X29*0 -> 0 | BG29: =+X29*0 -> 0 | BH29: =+X29*0 -> 0 | BI29: =+X29*0 -> 0 | BJ29: =+X29*0 -> 0 | BK29: =+X29*0 -> 0
C30: 42487 | E30: Renovasi Kantor Belakang & Kanopi | G30: 0.1 | H30: 65000000 | K30: =H30+I30-J30 -> 65000000 | N30: =K30+L30-M30 -> 65000000 | O30: 4 | P30: =O30*12 -> 48 | Q30: =100%/G30 -> 10 | R30: =Q30*12 -> 120 | S30: =MONTH(C30) -> 4 | T30: =YEAR(C30) -> 2016 | U30: =IF(S30=1, 12, S30-1) -> 3 | V30: =IF(S30=1,T30+Q30-1,T30+Q30) -> 2026 | W30: =H30/P30 -> 1354166.7 | X30: 475788.29 | Y30: 51 | Z30: 12 | AA30: =Z30*X30 -> 5709459.5 | AB30: 46444257 | AC30: =N30-AB30 -> 18555743 | AD30: =+Y30-Z30 -> 39 | AE30: 12 | AF30: =AE30*X30 -> 5709459.5 | AG30: =+AB30+AF30 -> 52153716 | AH30: =N30-AG30 -> 12846284 | AI30: =+AD30-AE30 -> 27 | AJ30: 12 | AK30: =AJ30*X30 -> 5709459.5 | AL30: =+AG30+AK30 -> 57863176 | AM30: =N30-AL30 -> 7136824.3 | AN30: =+AI30-AJ30 -> 15 | AO30: 12 | AP30: =AO30*X30 -> 5709459.5 | AQ30: =+AL30+AP30 -> 63572635 | AR30: =N30-AQ30 -> 1427364.9 | AS30: =+AN30-AO30 -> 3 | AT30: 3 | AU30: =AT30*X30 -> 1427364.9 | AV30: =+AQ30+AU30 -> 65000000 | AW30: =N30-AV30 -> 0 | AY30: =SUM(AZ30:BK30) -> 1427364.9 | AZ30: =+X30*1 -> 475788.29 | BA30: =+X30*1 -> 475788.29 | BB30: =+X30*1 -> 475788.29 | BC30: =+X30*0 -> 0 | BD30: =+X30*0 -> 0 | BE30: =+X30*0 -> 0 | BF30: =+X30*0 -> 0 | BG30: =+X30*0 -> 0 | BH30: =+X30*0 -> 0 | BI30: =+X30*0 -> 0 | BJ30: =+X30*0 -> 0 | BK30: =+X30*0 -> 0
C31: 42523 | E31: Perbaikan Atap Gudang-Pembyrn ke-1 | G31: 0.1 | H31: 10000000 | K31: =H31+I31-J31 -> 10000000 | N31: =K31+L31-M31 -> 10000000 | O31: 4 | P31: =O31*12 -> 48 | Q31: =100%/G31 -> 10 | R31: =Q31*12 -> 120 | S31: =MONTH(C31) -> 6 | T31: =YEAR(C31) -> 2016 | U31: =IF(S31=1, 12, S31-1) -> 5 | V31: =IF(S31=1,T31+Q31-1,T31+Q31) -> 2026 | W31: =H31/P31 -> 208333.33 | X31: 75589.971 | Y31: 53 | Z31: 12 | AA31: =Z31*X31 -> 907079.65 | AB31: 6900811.2 | AC31: =N31-AB31 -> 3099188.8 | AD31: =+Y31-Z31 -> 41 | AE31: 12 | AF31: =AE31*X31 -> 907079.65 | AG31: =+AB31+AF31 -> 7807890.9 | AH31: =N31-AG31 -> 2192109.1 | AI31: =+AD31-AE31 -> 29 | AJ31: 12 | AK31: =AJ31*X31 -> 907079.65 | AL31: =+AG31+AK31 -> 8714970.5 | AM31: =N31-AL31 -> 1285029.5 | AN31: =+AI31-AJ31 -> 17 | AO31: 12 | AP31: =AO31*X31 -> 907079.65 | AQ31: =+AL31+AP31 -> 9622050.1 | AR31: =N31-AQ31 -> 377949.85 | AS31: =+AN31-AO31 -> 5 | AT31: 5 | AU31: =AT31*X31 -> 377949.85 | AV31: =+AQ31+AU31 -> 10000000 | AW31: =N31-AV31 -> 0 | AY31: =SUM(AZ31:BK31) -> 377949.85 | AZ31: =+X31*1 -> 75589.971 | BA31: =+X31*1 -> 75589.971 | BB31: =+X31*1 -> 75589.971 | BC31: =+X31*1 -> 75589.971 | BD31: =+X31*1 -> 75589.971 | BE31: =+X31*0 -> 0 | BF31: =+X31*0 -> 0 | BG31: =+X31*0 -> 0 | BH31: =+X31*0 -> 0 | BI31: =+X31*0 -> 0 | BJ31: =+X31*0 -> 0 | BK31: =+X31*0 -> 0
C32: 42543 | E32: Biaya Perbaikan Atap Spandek ke-2 | G32: 0.1 | H32: 20000000 | K32: =H32+I32-J32 -> 20000000 | N32: =K32+L32-M32 -> 20000000 | O32: 4 | P32: =O32*12 -> 48 | Q32: =100%/G32 -> 10 | R32: =Q32*12 -> 120 | S32: =MONTH(C32) -> 6 | T32: =YEAR(C32) -> 2016 | U32: =IF(S32=1, 12, S32-1) -> 5 | V32: =IF(S32=1,T32+Q32-1,T32+Q32) -> 2026 | W32: =H32/P32 -> 416666.67 | X32: 151179.94 | Y32: 53 | Z32: 12 | AA32: =Z32*X32 -> 1814159.3 | AB32: 13801622 | AC32: =N32-AB32 -> 6198377.6 | AD32: =+Y32-Z32 -> 41 | AE32: 12 | AF32: =AE32*X32 -> 1814159.3 | AG32: =+AB32+AF32 -> 15615782 | AH32: =N32-AG32 -> 4384218.3 | AI32: =+AD32-AE32 -> 29 | AJ32: 12 | AK32: =AJ32*X32 -> 1814159.3 | AL32: =+AG32+AK32 -> 17429941 | AM32: =N32-AL32 -> 2570059 | AN32: =+AI32-AJ32 -> 17 | AO32: 12 | AP32: =AO32*X32 -> 1814159.3 | AQ32: =+AL32+AP32 -> 19244100 | AR32: =N32-AQ32 -> 755899.71 | AS32: =+AN32-AO32 -> 5 | AT32: 5 | AU32: =AT32*X32 -> 755899.71 | AV32: =+AQ32+AU32 -> 20000000 | AW32: =N32-AV32 -> 0 | AY32: =SUM(AZ32:BK32) -> 755899.71 | AZ32: =+X32*1 -> 151179.94 | BA32: =+X32*1 -> 151179.94 | BB32: =+X32*1 -> 151179.94 | BC32: =+X32*1 -> 151179.94 | BD32: =+X32*1 -> 151179.94 | BE32: =+X32*0 -> 0 | BF32: =+X32*0 -> 0 | BG32: =+X32*0 -> 0 | BH32: =+X32*0 -> 0 | BI32: =+X32*0 -> 0 | BJ32: =+X32*0 -> 0 | BK32: =+X32*0 -> 0
C33: 42545 | E33: Renovasi Kantor Belakang 5% retensi | G33: 0.1 | H33: 18500000 | K33: =H33+I33-J33 -> 18500000 | N33: =K33+L33-M33 -> 18500000 | O33: 4 | P33: =O33*12 -> 48 | Q33: =100%/G33 -> 10 | R33: =Q33*12 -> 120 | S33: =MONTH(C33) -> 6 | T33: =YEAR(C33) -> 2016 | U33: =IF(S33=1, 12, S33-1) -> 5 | V33: =IF(S33=1,T33+Q33-1,T33+Q33) -> 2026 | W33: =H33/P33 -> 385416.67 | X33: 139841.45 | Y33: 53 | Z33: 12 | AA33: =Z33*X33 -> 1678097.3 | AB33: 12766501 | AC33: =N33-AB33 -> 5733499.3 | AD33: =+Y33-Z33 -> 41 | AE33: 12 | AF33: =AE33*X33 -> 1678097.3 | AG33: =+AB33+AF33 -> 14444598 | AH33: =N33-AG33 -> 4055401.9 | AI33: =+AD33-AE33 -> 29 | AJ33: 12 | AK33: =AJ33*X33 -> 1678097.3 | AL33: =+AG33+AK33 -> 16122695 | AM33: =N33-AL33 -> 2377304.6 | AN33: =+AI33-AJ33 -> 17 | AO33: 12 | AP33: =AO33*X33 -> 1678097.3 | AQ33: =+AL33+AP33 -> 17800793 | AR33: =N33-AQ33 -> 699207.23 | AS33: =+AN33-AO33 -> 5 | AT33: 5 | AU33: =AT33*X33 -> 699207.23 | AV33: =+AQ33+AU33 -> 18500000 | AW33: =N33-AV33 -> 0 | AY33: =SUM(AZ33:BK33) -> 699207.23 | AZ33: =+X33*1 -> 139841.45 | BA33: =+X33*1 -> 139841.45 | BB33: =+X33*1 -> 139841.45 | BC33: =+X33*1 -> 139841.45 | BD33: =+X33*1 -> 139841.45 | BE33: =+X33*0 -> 0 | BF33: =+X33*0 -> 0 | BG33: =+X33*0 -> 0 | BH33: =+X33*0 -> 0 | BI33: =+X33*0 -> 0 | BJ33: =+X33*0 -> 0 | BK33: =+X33*0 -> 0
C34: 42552 | E34: Renovasi plafon luar gudang depan/Belakang | G34: 0.1 | H34: 3000000 | K34: =H34+I34-J34 -> 3000000 | N34: =K34+L34-M34 -> 3000000 | O34: 4 | P34: =O34*12 -> 48 | Q34: =100%/G34 -> 10 | R34: =Q34*12 -> 120 | S34: =MONTH(C34) -> 7 | T34: =YEAR(C34) -> 2016 | U34: =IF(S34=1, 12, S34-1) -> 6 | V34: =IF(S34=1,T34+Q34-1,T34+Q34) -> 2026 | W34: =H34/P34 -> 62500 | X34: 23026.316 | Y34: 54 | Z34: 12 | AA34: =Z34*X34 -> 276315.79 | AB34: 2032894.7 | AC34: =N34-AB34 -> 967105.26 | AD34: =+Y34-Z34 -> 42 | AE34: 12 | AF34: =AE34*X34 -> 276315.79 | AG34: =+AB34+AF34 -> 2309210.5 | AH34: =N34-AG34 -> 690789.47 | AI34: =+AD34-AE34 -> 30 | AJ34: 12 | AK34: =AJ34*X34 -> 276315.79 | AL34: =+AG34+AK34 -> 2585526.3 | AM34: =N34-AL34 -> 414473.68 | AN34: =+AI34-AJ34 -> 18 | AO34: 12 | AP34: =AO34*X34 -> 276315.79 | AQ34: =+AL34+AP34 -> 2861842.1 | AR34: =N34-AQ34 -> 138157.89 | AS34: =+AN34-AO34 -> 6 | AT34: 6 | AU34: =AT34*X34 -> 138157.89 | AV34: =+AQ34+AU34 -> 3000000 | AW34: =N34-AV34 -> 0 | AY34: =SUM(AZ34:BK34) -> 138157.89 | AZ34: =+X34*1 -> 23026.316 | BA34: =+X34*1 -> 23026.316 | BB34: =+X34*1 -> 23026.316 | BC34: =+X34*1 -> 23026.316 | BD34: =+X34*1 -> 23026.316 | BE34: =+X34*1 -> 23026.316 | BF34: =+X34*0 -> 0 | BG34: =+X34*0 -> 0 | BH34: =+X34*0 -> 0 | BI34: =+X34*0 -> 0 | BJ34: =+X34*0 -> 0 | BK34: =+X34*0 -> 0
C35: 42552 | E35: Pelunasan penggantian atap spanduk | G35: 0.1 | H35: 25000000 | K35: =H35+I35-J35 -> 25000000 | N35: =K35+L35-M35 -> 25000000 | O35: 4 | P35: =O35*12 -> 48 | Q35: =100%/G35 -> 10 | R35: =Q35*12 -> 120 | S35: =MONTH(C35) -> 7 | T35: =YEAR(C35) -> 2016 | U35: =IF(S35=1, 12, S35-1) -> 6 | V35: =IF(S35=1,T35+Q35-1,T35+Q35) -> 2026 | W35: =H35/P35 -> 520833.33 | X35: 191885.96 | Y35: 54 | Z35: 12 | AA35: =Z35*X35 -> 2302631.6 | AB35: 16940789 | AC35: =N35-AB35 -> 8059210.5 | AD35: =+Y35-Z35 -> 42 | AE35: 12 | AF35: =AE35*X35 -> 2302631.6 | AG35: =+AB35+AF35 -> 19243421 | AH35: =N35-AG35 -> 5756578.9 | AI35: =+AD35-AE35 -> 30 | AJ35: 12 | AK35: =AJ35*X35 -> 2302631.6 | AL35: =+AG35+AK35 -> 21546053 | AM35: =N35-AL35 -> 3453947.4 | AN35: =+AI35-AJ35 -> 18 | AO35: 12 | AP35: =AO35*X35 -> 2302631.6 | AQ35: =+AL35+AP35 -> 23848684 | AR35: =N35-AQ35 -> 1151315.8 | AS35: =+AN35-AO35 -> 6 | AT35: 6 | AU35: =AT35*X35 -> 1151315.8 | AV35: =+AQ35+AU35 -> 25000000 | AW35: =N35-AV35 -> 0 | AY35: =SUM(AZ35:BK35) -> 1151315.8 | AZ35: =+X35*1 -> 191885.96 | BA35: =+X35*1 -> 191885.96 | BB35: =+X35*1 -> 191885.96 | BC35: =+X35*1 -> 191885.96 | BD35: =+X35*1 -> 191885.96 | BE35: =+X35*1 -> 191885.96 | BF35: =+X35*0 -> 0 | BG35: =+X35*0 -> 0 | BH35: =+X35*0 -> 0 | BI35: =+X35*0 -> 0 | BJ35: =+X35*0 -> 0 | BK35: =+X35*0 -> 0
C36: 42653 | E36: Anta Dwi Bangunan- Bayar Matrial Bangunan | G36: 0.1 | H36: 47000000 | K36: =H36+I36-J36 -> 47000000 | N36: =K36+L36-M36 -> 47000000 | O36: 4 | P36: =O36*12 -> 48 | Q36: =100%/G36 -> 10 | R36: =Q36*12 -> 120 | S36: =MONTH(C36) -> 10 | T36: =YEAR(C36) -> 2016 | U36: =IF(S36=1, 12, S36-1) -> 9 | V36: =IF(S36=1,T36+Q36-1,T36+Q36) -> 2026 | W36: =H36/P36 -> 979166.67 | X36: 376602.56 | Y36: 57 | Z36: 12 | AA36: =Z36*X36 -> 4519230.8 | AB36: 30052885 | AC36: =N36-AB36 -> 16947115 | AD36: =+Y36-Z36 -> 45 | AE36: 12 | AF36: =AE36*X36 -> 4519230.8 | AG36: =+AB36+AF36 -> 34572115 | AH36: =N36-AG36 -> 12427885 | AI36: =+AD36-AE36 -> 33 | AJ36: 12 | AK36: =AJ36*X36 -> 4519230.8 | AL36: =+AG36+AK36 -> 39091346 | AM36: =N36-AL36 -> 7908653.8 | AN36: =+AI36-AJ36 -> 21 | AO36: 12 | AP36: =AO36*X36 -> 4519230.8 | AQ36: =+AL36+AP36 -> 43610577 | AR36: =N36-AQ36 -> 3389423.1 | AS36: =+AN36-AO36 -> 9 | AT36: 9 | AU36: =AT36*X36 -> 3389423.1 | AV36: =+AQ36+AU36 -> 47000000 | AW36: =N36-AV36 -> 0 | AY36: =SUM(AZ36:BK36) -> 3389423.1 | AZ36: =+X36*1 -> 376602.56 | BA36: =+X36*1 -> 376602.56 | BB36: =+X36*1 -> 376602.56 | BC36: =+X36*1 -> 376602.56 | BD36: =+X36*1 -> 376602.56 | BE36: =+X36*1 -> 376602.56 | BF36: =+X36*1 -> 376602.56 | BG36: =+X36*1 -> 376602.56 | BH36: =+X36*1 -> 376602.56 | BI36: =+X36*0 -> 0 | BJ36: =+X36*0 -> 0 | BK36: =+X36*0 -> 0
C37: 42650 | E37: Perbaikan Kamar Mandi Belakang | G37: 0.1 | H37: 7200000 | K37: =H37+I37-J37 -> 7200000 | N37: =K37+L37-M37 -> 7200000 | O37: 4 | P37: =O37*12 -> 48 | Q37: =100%/G37 -> 10 | R37: =Q37*12 -> 120 | S37: =MONTH(C37) -> 10 | T37: =YEAR(C37) -> 2016 | U37: =IF(S37=1, 12, S37-1) -> 9 | V37: =IF(S37=1,T37+Q37-1,T37+Q37) -> 2026 | W37: =H37/P37 -> 150000 | X37: 57692.308 | Y37: 57 | Z37: 12 | AA37: =Z37*X37 -> 692307.69 | AB37: 4603846.2 | AC37: =N37-AB37 -> 2596153.8 | AD37: =+Y37-Z37 -> 45 | AE37: 12 | AF37: =AE37*X37 -> 692307.69 | AG37: =+AB37+AF37 -> 5296153.8 | AH37: =N37-AG37 -> 1903846.2 | AI37: =+AD37-AE37 -> 33 | AJ37: 12 | AK37: =AJ37*X37 -> 692307.69 | AL37: =+AG37+AK37 -> 5988461.5 | AM37: =N37-AL37 -> 1211538.5 | AN37: =+AI37-AJ37 -> 21 | AO37: 12 | AP37: =AO37*X37 -> 692307.69 | AQ37: =+AL37+AP37 -> 6680769.2 | AR37: =N37-AQ37 -> 519230.77 | AS37: =+AN37-AO37 -> 9 | AT37: 9 | AU37: =AT37*X37 -> 519230.77 | AV37: =+AQ37+AU37 -> 7200000 | AW37: =N37-AV37 -> 0 | AY37: =SUM(AZ37:BK37) -> 519230.77 | AZ37: =+X37*1 -> 57692.308 | BA37: =+X37*1 -> 57692.308 | BB37: =+X37*1 -> 57692.308 | BC37: =+X37*1 -> 57692.308 | BD37: =+X37*1 -> 57692.308 | BE37: =+X37*1 -> 57692.308 | BF37: =+X37*1 -> 57692.308 | BG37: =+X37*1 -> 57692.308 | BH37: =+X37*1 -> 57692.308 | BI37: =+X37*0 -> 0 | BJ37: =+X37*0 -> 0 | BK37: =+X37*0 -> 0
C38: 42650 | E38: Kanopi Kantor Belakang,Kamar Mandi | G38: 0.1 | H38: 7935000 | K38: =H38+I38-J38 -> 7935000 | N38: =K38+L38-M38 -> 7935000 | O38: 4 | P38: =O38*12 -> 48 | Q38: =100%/G38 -> 10 | R38: =Q38*12 -> 120 | S38: =MONTH(C38) -> 10 | T38: =YEAR(C38) -> 2016 | U38: =IF(S38=1, 12, S38-1) -> 9 | V38: =IF(S38=1,T38+Q38-1,T38+Q38) -> 2026 | W38: =H38/P38 -> 165312.5 | X38: 63581.731 | Y38: 57 | Z38: 12 | AA38: =Z38*X38 -> 762980.77 | AB38: 5073822.1 | AC38: =N38-AB38 -> 2861177.9 | AD38: =+Y38-Z38 -> 45 | AE38: 12 | AF38: =AE38*X38 -> 762980.77 | AG38: =+AB38+AF38 -> 5836802.9 | AH38: =N38-AG38 -> 2098197.1 | AI38: =+AD38-AE38 -> 33 | AJ38: 12 | AK38: =AJ38*X38 -> 762980.77 | AL38: =+AG38+AK38 -> 6599783.7 | AM38: =N38-AL38 -> 1335216.3 | AN38: =+AI38-AJ38 -> 21 | AO38: 12 | AP38: =AO38*X38 -> 762980.77 | AQ38: =+AL38+AP38 -> 7362764.4 | AR38: =N38-AQ38 -> 572235.58 | AS38: =+AN38-AO38 -> 9 | AT38: 9 | AU38: =AT38*X38 -> 572235.58 | AV38: =+AQ38+AU38 -> 7935000 | AW38: =N38-AV38 -> 0 | AY38: =SUM(AZ38:BK38) -> 572235.58 | AZ38: =+X38*1 -> 63581.731 | BA38: =+X38*1 -> 63581.731 | BB38: =+X38*1 -> 63581.731 | BC38: =+X38*1 -> 63581.731 | BD38: =+X38*1 -> 63581.731 | BE38: =+X38*1 -> 63581.731 | BF38: =+X38*1 -> 63581.731 | BG38: =+X38*1 -> 63581.731 | BH38: =+X38*1 -> 63581.731 | BI38: =+X38*0 -> 0 | BJ38: =+X38*0 -> 0 | BK38: =+X38*0 -> 0
C39: 42670 | E39: Renovasi Kamar Mandi, R.Satpam | G39: 0.1 | H39: 16095000 | K39: =H39+I39-J39 -> 16095000 | N39: =K39+L39-M39 -> 16095000 | O39: 4 | P39: =O39*12 -> 48 | Q39: =100%/G39 -> 10 | R39: =Q39*12 -> 120 | S39: =MONTH(C39) -> 10 | T39: =YEAR(C39) -> 2016 | U39: =IF(S39=1, 12, S39-1) -> 9 | V39: =IF(S39=1,T39+Q39-1,T39+Q39) -> 2026 | W39: =H39/P39 -> 335312.5 | X39: 128966.35 | Y39: 57 | Z39: 12 | AA39: =Z39*X39 -> 1547596.2 | AB39: 10291514 | AC39: =N39-AB39 -> 5803485.6 | AD39: =+Y39-Z39 -> 45 | AE39: 12 | AF39: =AE39*X39 -> 1547596.2 | AG39: =+AB39+AF39 -> 11839111 | AH39: =N39-AG39 -> 4255889.4 | AI39: =+AD39-AE39 -> 33 | AJ39: 12 | AK39: =AJ39*X39 -> 1547596.2 | AL39: =+AG39+AK39 -> 13386707 | AM39: =N39-AL39 -> 2708293.3 | AN39: =+AI39-AJ39 -> 21 | AO39: 12 | AP39: =AO39*X39 -> 1547596.2 | AQ39: =+AL39+AP39 -> 14934303 | AR39: =N39-AQ39 -> 1160697.1 | AS39: =+AN39-AO39 -> 9 | AT39: 9 | AU39: =AT39*X39 -> 1160697.1 | AV39: =+AQ39+AU39 -> 16095000 | AW39: =N39-AV39 -> 0 | AY39: =SUM(AZ39:BK39) -> 1160697.1 | AZ39: =+X39*1 -> 128966.35 | BA39: =+X39*1 -> 128966.35 | BB39: =+X39*1 -> 128966.35 | BC39: =+X39*1 -> 128966.35 | BD39: =+X39*1 -> 128966.35 | BE39: =+X39*1 -> 128966.35 | BF39: =+X39*1 -> 128966.35 | BG39: =+X39*1 -> 128966.35 | BH39: =+X39*1 -> 128966.35 | BI39: =+X39*0 -> 0 | BJ39: =+X39*0 -> 0 | BK39: =+X39*0 -> 0
C40: 42685 | E40: PL.Pembuatan Khusen Pintu Ko. Asem | G40: 0.1 | H40: 8300000 | K40: =H40+I40-J40 -> 8300000 | N40: =K40+L40-M40 -> 8300000 | O40: 4 | P40: =O40*12 -> 48 | Q40: =100%/G40 -> 10 | R40: =Q40*12 -> 120 | S40: =MONTH(C40) -> 11 | T40: =YEAR(C40) -> 2016 | U40: =IF(S40=1, 12, S40-1) -> 10 | V40: =IF(S40=1,T40+Q40-1,T40+Q40) -> 2026 | W40: =H40/P40 -> 172916.67 | X40: 67408.192 | Y40: 58 | Z40: 12 | AA40: =Z40*X40 -> 808898.31 | AB40: 5199223.2 | AC40: =N40-AB40 -> 3100776.8 | AD40: =+Y40-Z40 -> 46 | AE40: 12 | AF40: =AE40*X40 -> 808898.31 | AG40: =+AB40+AF40 -> 6008121.5 | AH40: =N40-AG40 -> 2291878.5 | AI40: =+AD40-AE40 -> 34 | AJ40: 12 | AK40: =AJ40*X40 -> 808898.31 | AL40: =+AG40+AK40 -> 6817019.8 | AM40: =N40-AL40 -> 1482980.2 | AN40: =+AI40-AJ40 -> 22 | AO40: 12 | AP40: =AO40*X40 -> 808898.31 | AQ40: =+AL40+AP40 -> 7625918.1 | AR40: =N40-AQ40 -> 674081.92 | AS40: =+AN40-AO40 -> 10 | AT40: 10 | AU40: =AT40*X40 -> 674081.92 | AV40: =+AQ40+AU40 -> 8300000 | AW40: =N40-AV40 -> 0 | AY40: =SUM(AZ40:BK40) -> 674081.92 | AZ40: =+X40*1 -> 67408.192 | BA40: =+X40*1 -> 67408.192 | BB40: =+X40*1 -> 67408.192 | BC40: =+X40*1 -> 67408.192 | BD40: =+X40*1 -> 67408.192 | BE40: =+X40*1 -> 67408.192 | BF40: =+X40*1 -> 67408.192 | BG40: =+X40*1 -> 67408.192 | BH40: =+X40*1 -> 67408.192 | BI40: =+X40*1 -> 67408.192 | BJ40: =+X40*0 -> 0 | BK40: =+X40*0 -> 0
C42: 43158 | D42: T 93/02/18 | E42: Renovasi Bengkel Srby | G42: 0.1 | H42: 56400000 | K42: =H42+I42-J42 -> 56400000 | N42: =K42+L42-M42 -> 56400000 | Q42: =100%/G42 -> 10 | R42: =Q42*12 -> 120 | S42: =MONTH(C42) -> 2 | T42: =YEAR(C42) -> 2018 | U42: =IF(S42=1, 12, S42-1) -> 1 | V42: =IF(S42=1,T42+Q42-1,T42+Q42) -> 2028 | X42: =N42/R42 -> 470000 | Y42: 73 | Z42: 12 | AA42: =Z42*X42 -> 5640000 | AB42: 27730000 | AC42: =N42-AB42 -> 28670000 | AD42: =+Y42-Z42 -> 61 | AE42: 12 | AF42: =AE42*X42 -> 5640000 | AG42: =+AB42+AF42 -> 33370000 | AH42: =N42-AG42 -> 23030000 | AI42: =+AD42-AE42 -> 49 | AJ42: 12 | AK42: =AJ42*X42 -> 5640000 | AL42: =+AG42+AK42 -> 39010000 | AM42: =N42-AL42 -> 17390000 | AN42: =+AI42-AJ42 -> 37 | AO42: 12 | AP42: =AO42*X42 -> 5640000 | AQ42: =+AL42+AP42 -> 44650000 | AR42: =N42-AQ42 -> 11750000 | AS42: =+AN42-AO42 -> 25 | AT42: 12 | AU42: =AT42*X42 -> 5640000 | AV42: =+AQ42+AU42 -> 50290000 | AW42: =N42-AV42 -> 6110000 | AY42: =SUM(AZ42:BK42) -> 5640000 | AZ42: =+X42*1 -> 470000 | BA42: =+X42*1 -> 470000 | BB42: =+X42*1 -> 470000 | BC42: =+X42*1 -> 470000 | BD42: =+X42*1 -> 470000 | BE42: =+X42*1 -> 470000 | BF42: =+X42*1 -> 470000 | BG42: =+X42*1 -> 470000 | BH42: =+X42*1 -> 470000 | BI42: =+X42*1 -> 470000 | BJ42: =+X42*1 -> 470000 | BK42: =+X42*1 -> 470000
C43: 43193 | D43: T05/04/18 | E43: Pemb.ke-1.Renovasi Tangga/Mess | G43: 0.1 | H43: 20000000 | K43: =H43+I43-J43 -> 20000000 | N43: =K43+L43-M43 -> 20000000 | Q43: =100%/G43 -> 10 | R43: =Q43*12 -> 120 | S43: =MONTH(C43) -> 4 | T43: =YEAR(C43) -> 2018 | U43: =IF(S43=1, 12, S43-1) -> 3 | V43: =IF(S43=1,T43+Q43-1,T43+Q43) -> 2028 | X43: =N43/R43 -> 166666.67 | Y43: 75 | Z43: 12 | AA43: =Z43*X43 -> 2000000 | AB43: 9500000 | AC43: =N43-AB43 -> 10500000 | AD43: =+Y43-Z43 -> 63 | AE43: 12 | AF43: =AE43*X43 -> 2000000 | AG43: =+AB43+AF43 -> 11500000 | AH43: =N43-AG43 -> 8500000 | AI43: =+AD43-AE43 -> 51 | AJ43: 12 | AK43: =AJ43*X43 -> 2000000 | AL43: =+AG43+AK43 -> 13500000 | AM43: =N43-AL43 -> 6500000 | AN43: =+AI43-AJ43 -> 39 | AO43: 12 | AP43: =AO43*X43 -> 2000000 | AQ43: =+AL43+AP43 -> 15500000 | AR43: =N43-AQ43 -> 4500000 | AS43: =+AN43-AO43 -> 27 | AT43: 12 | AU43: =AT43*X43 -> 2000000 | AV43: =+AQ43+AU43 -> 17500000 | AW43: =N43-AV43 -> 2500000 | AY43: =SUM(AZ43:BK43) -> 2000000 | AZ43: =+X43*1 -> 166666.67 | BA43: =+X43*1 -> 166666.67 | BB43: =+X43*1 -> 166666.67 | BC43: =+X43*1 -> 166666.67 | BD43: =+X43*1 -> 166666.67 | BE43: =+X43*1 -> 166666.67 | BF43: =+X43*1 -> 166666.67 | BG43: =+X43*1 -> 166666.67 | BH43: =+X43*1 -> 166666.67 | BI43: =+X43*1 -> 166666.67 | BJ43: =+X43*1 -> 166666.67 | BK43: =+X43*1 -> 166666.67
C44: 43202 | D44: T46/04/18 | E44: Pemb.ke-2.Renovasi Tangga/Mess | G44: 0.1 | H44: 10000000 | K44: =H44+I44-J44 -> 10000000 | N44: =K44+L44-M44 -> 10000000 | Q44: =100%/G44 -> 10 | R44: =Q44*12 -> 120 | S44: =MONTH(C44) -> 4 | T44: =YEAR(C44) -> 2018 | U44: =IF(S44=1, 12, S44-1) -> 3 | V44: =IF(S44=1,T44+Q44-1,T44+Q44) -> 2028 | X44: =N44/R44 -> 83333.333 | Y44: 75 | Z44: 12 | AA44: =Z44*X44 -> 1000000 | AB44: 4750000 | AC44: =N44-AB44 -> 5250000 | AD44: =+Y44-Z44 -> 63 | AE44: 12 | AF44: =AE44*X44 -> 1000000 | AG44: =+AB44+AF44 -> 5750000 | AH44: =N44-AG44 -> 4250000 | AI44: =+AD44-AE44 -> 51 | AJ44: 12 | AK44: =AJ44*X44 -> 1000000 | AL44: =+AG44+AK44 -> 6750000 | AM44: =N44-AL44 -> 3250000 | AN44: =+AI44-AJ44 -> 39 | AO44: 12 | AP44: =AO44*X44 -> 1000000 | AQ44: =+AL44+AP44 -> 7750000 | AR44: =N44-AQ44 -> 2250000 | AS44: =+AN44-AO44 -> 27 | AT44: 12 | AU44: =AT44*X44 -> 1000000 | AV44: =+AQ44+AU44 -> 8750000 | AW44: =N44-AV44 -> 1250000 | AY44: =SUM(AZ44:BK44) -> 1000000 | AZ44: =+X44*1 -> 83333.333 | BA44: =+X44*1 -> 83333.333 | BB44: =+X44*1 -> 83333.333 | BC44: =+X44*1 -> 83333.333 | BD44: =+X44*1 -> 83333.333 | BE44: =+X44*1 -> 83333.333 | BF44: =+X44*1 -> 83333.333 | BG44: =+X44*1 -> 83333.333 | BH44: =+X44*1 -> 83333.333 | BI44: =+X44*1 -> 83333.333 | BJ44: =+X44*1 -> 83333.333 | BK44: =+X44*1 -> 83333.333
C45: 43202 | D45: T46/04/18 | E45: Pemb.ke-3.Renovasi Tangga/Mess | G45: 0.1 | H45: 10000000 | K45: =H45+I45-J45 -> 10000000 | N45: =K45+L45-M45 -> 10000000 | Q45: =100%/G45 -> 10 | R45: =Q45*12 -> 120 | S45: =MONTH(C45) -> 4 | T45: =YEAR(C45) -> 2018 | U45: =IF(S45=1, 12, S45-1) -> 3 | V45: =IF(S45=1,T45+Q45-1,T45+Q45) -> 2028 | X45: =N45/R45 -> 83333.333 | Y45: 75 | Z45: 12 | AA45: =Z45*X45 -> 1000000 | AB45: 4750000 | AC45: =N45-AB45 -> 5250000 | AD45: =+Y45-Z45 -> 63 | AE45: 12 | AF45: =AE45*X45 -> 1000000 | AG45: =+AB45+AF45 -> 5750000 | AH45: =N45-AG45 -> 4250000 | AI45: =+AD45-AE45 -> 51 | AJ45: 12 | AK45: =AJ45*X45 -> 1000000 | AL45: =+AG45+AK45 -> 6750000 | AM45: =N45-AL45 -> 3250000 | AN45: =+AI45-AJ45 -> 39 | AO45: 12 | AP45: =AO45*X45 -> 1000000 | AQ45: =+AL45+AP45 -> 7750000 | AR45: =N45-AQ45 -> 2250000 | AS45: =+AN45-AO45 -> 27 | AT45: 12 | AU45: =AT45*X45 -> 1000000 | AV45: =+AQ45+AU45 -> 8750000 | AW45: =N45-AV45 -> 1250000 | AY45: =SUM(AZ45:BK45) -> 1000000 | AZ45: =+X45*1 -> 83333.333 | BA45: =+X45*1 -> 83333.333 | BB45: =+X45*1 -> 83333.333 | BC45: =+X45*1 -> 83333.333 | BD45: =+X45*1 -> 83333.333 | BE45: =+X45*1 -> 83333.333 | BF45: =+X45*1 -> 83333.333 | BG45: =+X45*1 -> 83333.333 | BH45: =+X45*1 -> 83333.333 | BI45: =+X45*1 -> 83333.333 | BJ45: =+X45*1 -> 83333.333 | BK45: =+X45*1 -> 83333.333
C46: 43214 | D46: T61/04/18 | E46: Pemb.ke-4.Renovasi Tangga/Mess | G46: 0.1 | H46: 20000000 | K46: =H46+I46-J46 -> 20000000 | N46: =K46+L46-M46 -> 20000000 | Q46: =100%/G46 -> 10 | R46: =Q46*12 -> 120 | S46: =MONTH(C46) -> 4 | T46: =YEAR(C46) -> 2018 | U46: =IF(S46=1, 12, S46-1) -> 3 | V46: =IF(S46=1,T46+Q46-1,T46+Q46) -> 2028 | X46: =N46/R46 -> 166666.67 | Y46: 75 | Z46: 12 | AA46: =Z46*X46 -> 2000000 | AB46: 9500000 | AC46: =N46-AB46 -> 10500000 | AD46: =+Y46-Z46 -> 63 | AE46: 12 | AF46: =AE46*X46 -> 2000000 | AG46: =+AB46+AF46 -> 11500000 | AH46: =N46-AG46 -> 8500000 | AI46: =+AD46-AE46 -> 51 | AJ46: 12 | AK46: =AJ46*X46 -> 2000000 | AL46: =+AG46+AK46 -> 13500000 | AM46: =N46-AL46 -> 6500000 | AN46: =+AI46-AJ46 -> 39 | AO46: 12 | AP46: =AO46*X46 -> 2000000 | AQ46: =+AL46+AP46 -> 15500000 | AR46: =N46-AQ46 -> 4500000 | AS46: =+AN46-AO46 -> 27 | AT46: 12 | AU46: =AT46*X46 -> 2000000 | AV46: =+AQ46+AU46 -> 17500000 | AW46: =N46-AV46 -> 2500000 | AY46: =SUM(AZ46:BK46) -> 2000000 | AZ46: =+X46*1 -> 166666.67 | BA46: =+X46*1 -> 166666.67 | BB46: =+X46*1 -> 166666.67 | BC46: =+X46*1 -> 166666.67 | BD46: =+X46*1 -> 166666.67 | BE46: =+X46*1 -> 166666.67 | BF46: =+X46*1 -> 166666.67 | BG46: =+X46*1 -> 166666.67 | BH46: =+X46*1 -> 166666.67 | BI46: =+X46*1 -> 166666.67 | BJ46: =+X46*1 -> 166666.67 | BK46: =+X46*1 -> 166666.67
C47: 43224 | D47: T13/05/18 | E47: PL Renovasi Tangga/Mess | G47: 0.1 | H47: 14065000 | K47: =H47+I47-J47 -> 14065000 | N47: =K47+L47-M47 -> 14065000 | Q47: =100%/G47 -> 10 | R47: =Q47*12 -> 120 | S47: =MONTH(C47) -> 5 | T47: =YEAR(C47) -> 2018 | U47: =IF(S47=1, 12, S47-1) -> 4 | V47: =IF(S47=1,T47+Q47-1,T47+Q47) -> 2028 | X47: =N47/R47 -> 117208.33 | Y47: 76 | Z47: 12 | AA47: =Z47*X47 -> 1406500 | AB47: 6563666.7 | AC47: =N47-AB47 -> 7501333.3 | AD47: =+Y47-Z47 -> 64 | AE47: 12 | AF47: =AE47*X47 -> 1406500 | AG47: =+AB47+AF47 -> 7970166.7 | AH47: =N47-AG47 -> 6094833.3 | AI47: =+AD47-AE47 -> 52 | AJ47: 12 | AK47: =AJ47*X47 -> 1406500 | AL47: =+AG47+AK47 -> 9376666.7 | AM47: =N47-AL47 -> 4688333.3 | AN47: =+AI47-AJ47 -> 40 | AO47: 12 | AP47: =AO47*X47 -> 1406500 | AQ47: =+AL47+AP47 -> 10783167 | AR47: =N47-AQ47 -> 3281833.3 | AS47: =+AN47-AO47 -> 28 | AT47: 12 | AU47: =AT47*X47 -> 1406500 | AV47: =+AQ47+AU47 -> 12189667 | AW47: =N47-AV47 -> 1875333.3 | AY47: =SUM(AZ47:BK47) -> 1406500 | AZ47: =+X47*1 -> 117208.33 | BA47: =+X47*1 -> 117208.33 | BB47: =+X47*1 -> 117208.33 | BC47: =+X47*1 -> 117208.33 | BD47: =+X47*1 -> 117208.33 | BE47: =+X47*1 -> 117208.33 | BF47: =+X47*1 -> 117208.33 | BG47: =+X47*1 -> 117208.33 | BH47: =+X47*1 -> 117208.33 | BI47: =+X47*1 -> 117208.33 | BJ47: =+X47*1 -> 117208.33 | BK47: =+X47*1 -> 117208.33
C49: 43487 | D49: T 50/01/19 | E49: Carport - Parkiran | G49: 0.1 | H49: 0 | K49: 0 | N49: 17500000 | Q49: =100%/G49 -> 10 | R49: =Q49*12 -> 120 | S49: 1 | T49: 2019 | U49: 12 | V49: 2028 | X49: =N49/R49 -> 145833.33 | Y49: 84 | Z49: 12 | AA49: =Z49*X49 -> 1750000 | AB49: 7000000 | AC49: =N49-AB49 -> 10500000 | AD49: =+Y49-Z49 -> 72 | AE49: 12 | AF49: =AE49*X49 -> 1750000 | AG49: =+AB49+AF49 -> 8750000 | AH49: =N49-AG49 -> 8750000 | AI49: =+AD49-AE49 -> 60 | AJ49: 12 | AK49: =AJ49*X49 -> 1750000 | AL49: =+AG49+AK49 -> 10500000 | AM49: =N49-AL49 -> 7000000 | AN49: =+AI49-AJ49 -> 48 | AO49: 12 | AP49: =AO49*X49 -> 1750000 | AQ49: =+AL49+AP49 -> 12250000 | AR49: =N49-AQ49 -> 5250000 | AS49: =+AN49-AO49 -> 36 | AT49: 12 | AU49: =AT49*X49 -> 1750000 | AV49: =+AQ49+AU49 -> 14000000 | AW49: =N49-AV49 -> 3500000 | AY49: =SUM(AZ49:BK49) -> 1750000 | AZ49: =+X49*1 -> 145833.33 | BA49: =+X49*1 -> 145833.33 | BB49: =+X49*1 -> 145833.33 | BC49: =+X49*1 -> 145833.33 | BD49: =+X49*1 -> 145833.33 | BE49: =+X49*1 -> 145833.33 | BF49: =+X49*1 -> 145833.33 | BG49: =+X49*1 -> 145833.33 | BH49: =+X49*1 -> 145833.33 | BI49: =+X49*1 -> 145833.33 | BJ49: =+X49*1 -> 145833.33 | BK49: =+X49*1 -> 145833.33
C50: 43496 | D50: T73/01/19 | E50: Perbaikan Gudang | G50: 0.1 | H50: 0 | K50: 0 | N50: 24400000 | Q50: =100%/G50 -> 10 | R50: =Q50*12 -> 120 | S50: 1 | T50: 2019 | U50: 12 | V50: 2028 | X50: =N50/R50 -> 203333.33 | Y50: 84 | Z50: 12 | AA50: =Z50*X50 -> 2440000 | AB50: 9760000 | AC50: =N50-AB50 -> 14640000 | AD50: =+Y50-Z50 -> 72 | AE50: 12 | AF50: =AE50*X50 -> 2440000 | AG50: =+AB50+AF50 -> 12200000 | AH50: =N50-AG50 -> 12200000 | AI50: =+AD50-AE50 -> 60 | AJ50: 12 | AK50: =AJ50*X50 -> 2440000 | AL50: =+AG50+AK50 -> 14640000 | AM50: =N50-AL50 -> 9760000 | AN50: =+AI50-AJ50 -> 48 | AO50: 12 | AP50: =AO50*X50 -> 2440000 | AQ50: =+AL50+AP50 -> 17080000 | AR50: =N50-AQ50 -> 7320000 | AS50: =+AN50-AO50 -> 36 | AT50: 12 | AU50: =AT50*X50 -> 2440000 | AV50: =+AQ50+AU50 -> 19520000 | AW50: =N50-AV50 -> 4880000 | AY50: =SUM(AZ50:BK50) -> 2440000 | AZ50: =+X50*1 -> 203333.33 | BA50: =+X50*1 -> 203333.33 | BB50: =+X50*1 -> 203333.33 | BC50: =+X50*1 -> 203333.33 | BD50: =+X50*1 -> 203333.33 | BE50: =+X50*1 -> 203333.33 | BF50: =+X50*1 -> 203333.33 | BG50: =+X50*1 -> 203333.33 | BH50: =+X50*1 -> 203333.33 | BI50: =+X50*1 -> 203333.33 | BJ50: =+X50*1 -> 203333.33 | BK50: =+X50*1 -> 203333.33
C52: 45474 | D52: AJPU2407001 | E52: Bengkel BALI Jl. Danau Poso No.2A Sanur - Bali | G52: 0.05 | H52: 0 | K52: 0 | N52: 2366891932 | Q52: =100%/G52 -> 20 | R52: =Q52*12 -> 240 | S52: 7 | T52: 2024 | U52: 6 | V52: 2044 | X52: =N52/R52 -> 9862049.7 | AI52: 234 | AJ52: 6 | AK52: =AJ52*X52 -> 59172298 | AL52: =+AG52+AK52 -> 59172298 | AM52: =N52-AL52 -> 2.3077196e+09 | AN52: =+AI52-AJ52 -> 228 | AO52: 12 | AP52: =AO52*X52 -> 1.183446e+08 | AQ52: =+AL52+AP52 -> 1.7751689e+08 | AR52: =N52-AQ52 -> 2.189375e+09 | AS52: =+AN52-AO52 -> 216 | AT52: 12 | AU52: =AT52*X52 -> 1.183446e+08 | AV52: =+AQ52+AU52 -> 2.9586149e+08 | AW52: =N52-AV52 -> 2.0710304e+09 | AY52: =SUM(AZ52:BK52) -> 1.183446e+08 | AZ52: =+X52*1 -> 9862049.7 | BA52: =+X52*1 -> 9862049.7 | BB52: =+X52*1 -> 9862049.7 | BC52: =+X52*1 -> 9862049.7 | BD52: =+X52*1 -> 9862049.7 | BE52: =+X52*1 -> 9862049.7 | BF52: =+X52*1 -> 9862049.7 | BG52: =+X52*1 -> 9862049.7 | BH52: =+X52*1 -> 9862049.7 | BI52: =+X52*1 -> 9862049.7 | BJ52: =+X52*1 -> 9862049.7 | BK52: =+X52*1 -> 9862049.7
H55: =SUM(H12:H47) -> 1303345000 | K55: =SUM(K12:K47) -> 1303345000 | N55: =SUM(N12:N54) -> 3712136932 | X55: =SUM(X12:X54) -> 17989724 | AA55: =SUM(AA12:AA54) -> 97532087 | AB55: =SUM(AB12:AB54) -> 1.0446072e+09 | AC55: =SUM(AC12:AC54) -> 3.0063781e+08 | AF55: =SUM(AF12:AF54) -> 97532087 | AG55: =SUM(AG12:AG54) -> 1.1421393e+09 | AH55: =SUM(AH12:AH54) -> 2.0310572e+08 | AK55: =SUM(AK12:AK54) -> 1.4538641e+08 | AL55: =SUM(AL12:AL54) -> 1.2875257e+09 | AM55: =SUM(AM12:AM54) -> 2.4246113e+09 | AP55: =SUM(AP12:AP54) -> 1.8167271e+08 | AQ55: =SUM(AQ12:AQ54) -> 1.4691984e+09 | AR55: =SUM(AR12:AR54) -> 2.2429385e+09 | AU55: =SUM(AU12:AU54) -> 1.4804277e+08 | AV55: =SUM(AV12:AV54) -> 1.6172412e+09 | AW55: =SUM(AW12:AW54) -> 2.0948958e+09 | AY55: =SUM(AY12:AY54) -> 1.4804277e+08 | AZ55: =SUM(AZ12:AZ54) -> 14300641 | BA55: =SUM(BA12:BA54) -> 13395442 | BB55: =SUM(BB12:BB54) -> 13049988 | BC55: =SUM(BC12:BC54) -> 12574199 | BD55: =SUM(BD12:BD54) -> 12574199 | BE55: =SUM(BE12:BE54) -> 12207588 | BF55: =SUM(BF12:BF54) -> 11992676 | ... BK55: =SUM(BK12:BK54) -> 11298425
G57: =100/Q57/100 -> 0.1 | Q57: 10
B58: Audit Notes: | G58: =100/Q58/100 -> 0.25 | Q58: 4
G59: =100/Q59/100 -> 0.05 | Q59: 20
C60: Harga Perolehan
C61: Audit | H61: =K55 -> 1303345000 | J61: =Kendaraan!#REF! -> #REF!
C62: Per Book | H62: =#REF! -> #REF! | J62: =#REF! -> #REF!
H63: =H61-H62 -> #REF! | J63: ='Perl. Kantor'!#REF! -> #REF!
J64: ='Perl. Bengkel'!#REF! -> #REF!
J65: =SUM(J61:J64) -> #REF!
C66: Akumulasi Penyusutan | J66: 5.0155458e+08
J67: =J65-J66 -> #REF!
C68: Audit | H68: =#REF! -> #REF!
C69: Per Book | H69: =#REF! -> #REF!
H70: =H68-H69 -> #REF!
C71: Selisih akm peny tahun 2017 | G71: =#REF! -> #REF!
C72: Selisih beban peny tahun 2018 | G72: =-#REF! -> #REF!
H73: =SUM(G71:G73) -> #REF!
C74: Selisih | H74: =H70-H73 -> #REF!
B77: PAJE:
C79: 1 | D79: 158-001 | E79: Akumulasi Penyusutan - Bangunan | G79: =SUM(H79:H81) -> #REF!
D80: 412-066 | F80: Penyusutan Aktiva Tetap | H80: =-G72 -> #REF!
D81: 500-015-x | F81: Lain -lain | H81: =-G71 -> #REF!
E82: (Lebih catat beban penyusutan untuk aset biasa dan aset TA)

Sheet Tanah
B2: Client | E2: : | F2: =#REF! -> #REF! | L2: Inisial | M2: Tanggal | N2: J101
B3: Period | E3: : | F3: 43465 | K3: Disiapkan oleh
B4: Schedule | E4: : | F4: Tes Perhitungan Beban Penyusutan Aset Tetap | K4: Direviu oleh
B6: No | C6: Tanggal Perolehan | E6: Deskripsi | G6: Tarif | H6: Harga Perolehan | L6: PAJE/CAJE/RJE
D7: Tanggal TA | H7: 43100 | I7: Penambahan | J7: Pengurangan | K7: 43465 | L7: Dr | M7: Cr | N7: =K7 -> 43465
K8: Unaudited | N8: Audited
C10: Tanah
E12: ASET TA
D13: 42733 | E13: Sukoharjo | H13: 180500000 | K13: =H13+I13-J13 -> 180500000 | N13: =K13+L13-M13 -> 180500000
D14: 42733 | E14: Semarang | H14: 373012500 | K14: =H14+I14-J14 -> 373012500 | N14: =K14+L14-M14 -> 373012500
D15: 42733 | E15: Surabaya | H15: 155000000 | K15: =H15+I15-J15 -> 155000000 | N15: =K15+L15-M15 -> 155000000
D16: 42733 | E16: Bekasi | H16: 264450000 | K16: =H16+I16-J16 -> 264450000 | N16: =K16+L16-M16 -> 264450000
D17: 42733 | E17: Bekasi | H17: 86558000 | K17: =H17+I17-J17 -> 86558000 | N17: =K17+L17-M17 -> 86558000
D18: 42733 | E18: Bekasi | H18: 74992000 | K18: =H18+I18-J18 -> 74992000 | N18: =K18+L18-M18 -> 74992000
H20: =SUM(H13:H19) -> 1134512500 | K20: =SUM(K13:K19) -> 1134512500 | N20: =SUM(N13:N19) -> 1134512500
D22: 44651 | E22: Bali | N22: 1493850000
N24: =SUM(N22:N23) -> 1493850000
D26: 44991 | E26: Bali Turun Hak Tanah | N26: 7500000
D27: 45016 | E27: Bali 1.810 M2 Desa Sanur Kauh, Denpasar Selatan, Denpasar | N27: 14500000000
D28: 45028 | E28: Bali BPHTB 1.810 M2 | N28: 721000000
D29: 45028 | E29: Bali B.Validasi, Akte, BBN, PNB, Akte Notaris | N29: 77200000
N31: =SUM(N26:N30) -> 15305700000
N34: =+N20+N24+N31 -> 17934062500

Sheet Perl. Kantor
E2: : | F2: =#REF! -> #REF!
B3: Period | E3: : | F3: 43830
B4: Schedule | E4: : | F4: Tes Perhitungan Beban Penyusutan Aset Tetap
B6: No | C6: Tanggal Perolehan | D6: No Voucher/ Tanggal TA | E6: Deskripsi | G6: Tarif | H6: Harga Perolehan | L6: PAJE/CAJE/RJE | O6: Life | Q6: Beginning of Depreciation | S6: Ending of Depreciation | U6: Penyusutan per Bulan | V6: 44926 | AA6: 45291 | AF6: 45657 | AK6: 46022 | AP6: 46387
H7: 43100 | I7: Penambahan | J7: Pengurangan | K7: 43465 | L7: Dr | M7: Cr | N7: =K7 -> 43465 | O7: Year | P7: Month | Q7: Month | R7: Year | S7: Month | T7: Year | V7: Bulan | X7: Beban Penyusutan | Y7: Akumulasi Penyusutan | Z7: Nilai Buku | AA7: Bulan | AC7: Beban Penyusutan | AD7: Akumulasi Penyusutan | AE7: Nilai Buku | AF7: Bulan | AH7: Beban Penyusutan | AI7: Akumulasi Penyusutan | AJ7: Nilai Buku | AK7: Bulan | AM7: Beban Penyusutan | AN7: Akumulasi Penyusutan | AO7: Nilai Buku | AP7: Bulan | AR7: Beban Penyusutan | AS7: Akumulasi Penyusutan | AT7: Nilai Buku | AV7: TOTAL | AW7: JAN | AX7: FEB | AY7: MAR | AZ7: APR | BA7: MAY | BB7: JUNE | BC7: JUL | BD7: AUG | BE7: SEP | BF7: OCT | BG7: NOV | BH7: DEC
K8: Unaudited | N8: Audited | AV8: 2026
C10: Peralatan Kantor
C12: 39157 | E12: Komputer Intel P-IV 3.0 Lengkap | G12: 0.25 | H12: 9000000 | K12: =H12+I12-J12 -> 9000000 | N12: =K12+L12-M12 -> 9000000 | O12: =100%/G12 -> 4 | P12: =O12*12 -> 48 | Q12: =MONTH(C12) -> 3 | R12: =YEAR(C12) -> 2007 | S12: =IF(Q12=1, 12, Q12-1) -> 2 | T12: =IF(Q12=1,R12+O12-1,R12+O12) -> 2011 | U12: =K12/P12 -> 187500 | V12: 0 | W12: 48 | X12: =+V12*U12 -> 0 | Y12: 9000000 | Z12: =N12-Y12 -> 0 | AA12: =IF(W12>=P12-12,P12-W12,12) -> 0 | AB12: =+W12+AA12 -> 48 | AC12: =+AA12*U12 -> 0 | AD12: =Y12+AC12 -> 9000000 | AE12: =N12-AD12 -> 0 | AF12: =IF(AB12>=P12-12,P12-AB12,12) -> 0 | AG12: =+AB12+AF12 -> 48 | AH12: =+AF12*U12 -> 0 | AI12: =AD12+AH12 -> 9000000 | AJ12: =N12-AI12 -> 0 | AK12: =IF(AG12>=P12-12,P12-AG12,12) -> 0 | AL12: =+AG12+AK12 -> 48 | AM12: =+AK12*U12 -> 0 | AN12: =AI12+AM12 -> 9000000 | AO12: =N12-AN12 -> 0 | AP12: =IF(AL12>=P12-12,P12-AL12,12) -> 0 | AQ12: =+AL12+AP12 -> 48 | AR12: =+AP12*Z12 -> 0 | AS12: =AN12+AR12 -> 9000000 | AT12: =N12-AS12 -> 0 | AV12: =SUM(AW12:BH12) -> 0 | AW12: =+U12*0 -> 0 | AX12: =+U12*0 -> 0 | AY12: =+U12*0 -> 0 | AZ12: =+U12*0 -> 0 | BA12: =+U12*0 -> 0 | BB12: =+U12*0 -> 0 | BC12: =+U12*0 -> 0 | BD12: =+U12*0 -> 0 | BE12: =+U12*0 -> 0 | BF12: =+U12*0 -> 0 | BG12: =+U12*0 -> 0 | BH12: =+U12*0 -> 0
C13: 39157 | E13: CD Rom | G13: 0.25 | H13: 140000 | K13: =H13+I13-J13 -> 140000 | N13: =K13+L13-M13 -> 140000 | O13: =100%/G13 -> 4 | P13: =O13*12 -> 48 | Q13: =MONTH(C13) -> 3 | R13: =YEAR(C13) -> 2007 | S13: =IF(Q13=1, 12, Q13-1) -> 2 | T13: =IF(Q13=1,R13+O13-1,R13+O13) -> 2011 | U13: =K13/P13 -> 2916.6667 | V13: 0 | W13: 48 | X13: =+V13*U13 -> 0 | Y13: 140000 | Z13: =N13-Y13 -> 0 | AA13: =IF(W13>=P13-12,P13-W13,12) -> 0 | AB13: =+W13+AA13 -> 48 | AC13: =+AA13*U13 -> 0 | AD13: =Y13+AC13 -> 140000 | AE13: =N13-AD13 -> 0 | AF13: =IF(AB13>=P13-12,P13-AB13,12) -> 0 | AG13: =+AB13+AF13 -> 48 | AH13: =+AF13*U13 -> 0 | AI13: =AD13+AH13 -> 140000 | AJ13: =N13-AI13 -> 0 | AK13: =IF(AG13>=P13-12,P13-AG13,12) -> 0 | AL13: =+AG13+AK13 -> 48 | AM13: =+AK13*U13 -> 0 | AN13: =AI13+AM13 -> 140000 | AO13: =N13-AN13 -> 0 | AP13: =IF(AL13>=P13-12,P13-AL13,12) -> 0 | AQ13: =+AL13+AP13 -> 48 | AR13: =+AP13*Z13 -> 0 | AS13: =AN13+AR13 -> 140000 | AT13: =N13-AS13 -> 0 | AV13: =SUM(AW13:BH13) -> 0 | AW13: =+U13*0 -> 0 | AX13: =+U13*0 -> 0 | AY13: =+U13*0 -> 0 | AZ13: =+U13*0 -> 0 | BA13: =+U13*0 -> 0 | BB13: =+U13*0 -> 0 | BC13: =+U13*0 -> 0 | BD13: =+U13*0 -> 0 | BE13: =+U13*0 -> 0 | BF13: =+U13*0 -> 0 | BG13: =+U13*0 -> 0 | BH13: =+U13*0 -> 0
C14: 39157 | E14: Switch Hub 5 Port | G14: 0.25 | H14: 136000 | K14: =H14+I14-J14 -> 136000 | N14: =K14+L14-M14 -> 136000 | O14: =100%/G14 -> 4 | P14: =O14*12 -> 48 | Q14: =MONTH(C14) -> 3 | R14: =YEAR(C14) -> 2007 | S14: =IF(Q14=1, 12, Q14-1) -> 2 | T14: =IF(Q14=1,R14+O14-1,R14+O14) -> 2011 | U14: =K14/P14 -> 2833.3333 | V14: 0 | W14: 48 | X14: =+V14*U14 -> 0 | Y14: 136000 | Z14: =N14-Y14 -> 0 | AA14: =IF(W14>=P14-12,P14-W14,12) -> 0 | AB14: =+W14+AA14 -> 48 | AC14: =+AA14*U14 -> 0 | AD14: =Y14+AC14 -> 136000 | AE14: =N14-AD14 -> 0 | AF14: =IF(AB14>=P14-12,P14-AB14,12) -> 0 | AG14: =+AB14+AF14 -> 48 | AH14: =+AF14*U14 -> 0 | AI14: =AD14+AH14 -> 136000 | AJ14: =N14-AI14 -> 0 | AK14: =IF(AG14>=P14-12,P14-AG14,12) -> 0 | AL14: =+AG14+AK14 -> 48 | AM14: =+AK14*U14 -> 0 | AN14: =AI14+AM14 -> 136000 | AO14: =N14-AN14 -> 0 | AP14: =IF(AL14>=P14-12,P14-AL14,12) -> 0 | AQ14: =+AL14+AP14 -> 48 | AR14: =+AP14*Z14 -> 0 | AS14: =AN14+AR14 -> 136000 | AT14: =N14-AS14 -> 0 | AV14: =SUM(AW14:BH14) -> 0 | AW14: =+U14*0 -> 0 | AX14: =+U14*0 -> 0 | AY14: =+U14*0 -> 0 | AZ14: =+U14*0 -> 0 | BA14: =+U14*0 -> 0 | BB14: =+U14*0 -> 0 | BC14: =+U14*0 -> 0 | BD14: =+U14*0 -> 0 | BE14: =+U14*0 -> 0 | BF14: =+U14*0 -> 0 | BG14: =+U14*0 -> 0 | BH14: =+U14*0 -> 0
C15: 39157 | E15: Printer Epson LQ 2180 | G15: 0.25 | H15: 4300000 | K15: =H15+I15-J15 -> 4300000 | N15: =K15+L15-M15 -> 4300000 | O15: =100%/G15 -> 4 | P15: =O15*12 -> 48 | Q15: =MONTH(C15) -> 3 | R15: =YEAR(C15) -> 2007 | S15: =IF(Q15=1, 12, Q15-1) -> 2 | T15: =IF(Q15=1,R15+O15-1,R15+O15) -> 2011 | U15: =K15/P15 -> 89583.333 | V15: 0 | W15: 48 | X15: =+V15*U15 -> 0 | Y15: 4300000 | Z15: =N15-Y15 -> 0 | AA15: =IF(W15>=P15-12,P15-W15,12) -> 0 | AB15: =+W15+AA15 -> 48 | AC15: =+AA15*U15 -> 0 | AD15: =Y15+AC15 -> 4300000 | AE15: =N15-AD15 -> 0 | AF15: =IF(AB15>=P15-12,P15-AB15,12) -> 0 | AG15: =+AB15+AF15 -> 48 | AH15: =+AF15*U15 -> 0 | AI15: =AD15+AH15 -> 4300000 | AJ15: =N15-AI15 -> 0 | AK15: =IF(AG15>=P15-12,P15-AG15,12) -> 0 | AL15: =+AG15+AK15 -> 48 | AM15: =+AK15*U15 -> 0 | AN15: =AI15+AM15 -> 4300000 | AO15: =N15-AN15 -> 0 | AP15: =IF(AL15>=P15-12,P15-AL15,12) -> 0 | AQ15: =+AL15+AP15 -> 48 | AR15: =+AP15*Z15 -> 0 | AS15: =AN15+AR15 -> 4300000 | AT15: =N15-AS15 -> 0 | AV15: =SUM(AW15:BH15) -> 0 | AW15: =+U15*0 -> 0 | AX15: =+U15*0 -> 0 | AY15: =+U15*0 -> 0 | AZ15: =+U15*0 -> 0 | BA15: =+U15*0 -> 0 | BB15: =+U15*0 -> 0 | BC15: =+U15*0 -> 0 | BD15: =+U15*0 -> 0 | BE15: =+U15*0 -> 0 | BF15: =+U15*0 -> 0 | BG15: =+U15*0 -> 0 | BH15: =+U15*0 -> 0
C16: 39157 | E16: Kabel Instalasi Computer | G16: 0.25 | H16: 618250 | K16: =H16+I16-J16 -> 618250 | N16: =K16+L16-M16 -> 618250 | O16: =100%/G16 -> 4 | P16: =O16*12 -> 48 | Q16: =MONTH(C16) -> 3 | R16: =YEAR(C16) -> 2007 | S16: =IF(Q16=1, 12, Q16-1) -> 2 | T16: =IF(Q16=1,R16+O16-1,R16+O16) -> 2011 | U16: =K16/P16 -> 12880.208 | V16: 0 | W16: 48 | X16: =+V16*U16 -> 0 | Y16: 618250 | Z16: =N16-Y16 -> 0 | AA16: =IF(W16>=P16-12,P16-W16,12) -> 0 | AB16: =+W16+AA16 -> 48 | AC16: =+AA16*U16 -> 0 | AD16: =Y16+AC16 -> 618250 | AE16: =N16-AD16 -> 0 | AF16: =IF(AB16>=P16-12,P16-AB16,12) -> 0 | AG16: =+AB16+AF16 -> 48 | AH16: =+AF16*U16 -> 0 | AI16: =AD16+AH16 -> 618250 | AJ16: =N16-AI16 -> 0 | AK16: =IF(AG16>=P16-12,P16-AG16,12) -> 0 | AL16: =+AG16+AK16 -> 48 | AM16: =+AK16*U16 -> 0 | AN16: =AI16+AM16 -> 618250 | AO16: =N16-AN16 -> 0 | AP16: =IF(AL16>=P16-12,P16-AL16,12) -> 0 | AQ16: =+AL16+AP16 -> 48 | AR16: =+AP16*Z16 -> 0 | AS16: =AN16+AR16 -> 618250 | AT16: =N16-AS16 -> 0 | AV16: =SUM(AW16:BH16) -> 0 | AW16: =+U16*0 -> 0 | AX16: =+U16*0 -> 0 | AY16: =+U16*0 -> 0 | AZ16: =+U16*0 -> 0 | BA16: =+U16*0 -> 0 | BB16: =+U16*0 -> 0 | BC16: =+U16*0 -> 0 | BD16: =+U16*0 -> 0 | BE16: =+U16*0 -> 0 | BF16: =+U16*0 -> 0 | BG16: =+U16*0 -> 0 | BH16: =+U16*0 -> 0
C17: 39294 | E17: HP N.2126 + Perdana Fren | G17: 0.25 | H17: 510000 | K17: =H17+I17-J17 -> 510000 | N17: =K17+L17-M17 -> 510000 | O17: =100%/G17 -> 4 | P17: =O17*12 -> 48 | Q17: =MONTH(C17) -> 7 | R17: =YEAR(C17) -> 2007 | S17: =IF(Q17=1, 12, Q17-1) -> 6 | T17: =IF(Q17=1,R17+O17-1,R17+O17) -> 2011 | U17: =K17/P17 -> 10625 | V17: 0 | W17: 48 | X17: =+V17*U17 -> 0 | Y17: 510000 | Z17: =N17-Y17 -> 0 | AA17: =IF(W17>=P17-12,P17-W17,12) -> 0 | AB17: =+W17+AA17 -> 48 | AC17: =+AA17*U17 -> 0 | AD17: =Y17+AC17 -> 510000 | AE17: =N17-AD17 -> 0 | AF17: =IF(AB17>=P17-12,P17-AB17,12) -> 0 | AG17: =+AB17+AF17 -> 48 | AH17: =+AF17*U17 -> 0 | AI17: =AD17+AH17 -> 510000 | AJ17: =N17-AI17 -> 0 | AK17: =IF(AG17>=P17-12,P17-AG17,12) -> 0 | AL17: =+AG17+AK17 -> 48 | AM17: =+AK17*U17 -> 0 | AN17: =AI17+AM17 -> 510000 | AO17: =N17-AN17 -> 0 | AP17: =IF(AL17>=P17-12,P17-AL17,12) -> 0 | AQ17: =+AL17+AP17 -> 48 | AR17: =+AP17*Z17 -> 0 | AS17: =AN17+AR17 -> 510000 | AT17: =N17-AS17 -> 0 | AV17: =SUM(AW17:BH17) -> 0 | AW17: =+U17*0 -> 0 | AX17: =+U17*0 -> 0 | AY17: =+U17*0 -> 0 | AZ17: =+U17*0 -> 0 | BA17: =+U17*0 -> 0 | BB17: =+U17*0 -> 0 | BC17: =+U17*0 -> 0 | BD17: =+U17*0 -> 0 | BE17: =+U17*0 -> 0 | BF17: =+U17*0 -> 0 | BG17: =+U17*0 -> 0 | BH17: =+U17*0 -> 0
C18: 39314 | E18: Printer Epson LX-300 | G18: 0.25 | H18: 1600000 | K18: =H18+I18-J18 -> 1600000 | N18: =K18+L18-M18 -> 1600000 | O18: =100%/G18 -> 4 | P18: =O18*12 -> 48 | Q18: =MONTH(C18) -> 8 | R18: =YEAR(C18) -> 2007 | S18: =IF(Q18=1, 12, Q18-1) -> 7 | T18: =IF(Q18=1,R18+O18-1,R18+O18) -> 2011 | U18: =K18/P18 -> 33333.333 | V18: 0 | W18: 48 | X18: =+V18*U18 -> 0 | Y18: 1600000 | Z18: =N18-Y18 -> 0 | AA18: =IF(W18>=P18-12,P18-W18,12) -> 0 | AB18: =+W18+AA18 -> 48 | AC18: =+AA18*U18 -> 0 | AD18: =Y18+AC18 -> 1600000 | AE18: =N18-AD18 -> 0 | AF18: =IF(AB18>=P18-12,P18-AB18,12) -> 0 | AG18: =+AB18+AF18 -> 48 | AH18: =+AF18*U18 -> 0 | AI18: =AD18+AH18 -> 1600000 | AJ18: =N18-AI18 -> 0 | AK18: =IF(AG18>=P18-12,P18-AG18,12) -> 0 | AL18: =+AG18+AK18 -> 48 | AM18: =+AK18*U18 -> 0 | AN18: =AI18+AM18 -> 1600000 | AO18: =N18-AN18 -> 0 | AP18: =IF(AL18>=P18-12,P18-AL18,12) -> 0 | AQ18: =+AL18+AP18 -> 48 | AR18: =+AP18*Z18 -> 0 | AS18: =AN18+AR18 -> 1600000 | AT18: =N18-AS18 -> 0 | AV18: =SUM(AW18:BH18) -> 0 | AW18: =+U18*0 -> 0 | AX18: =+U18*0 -> 0 | AY18: =+U18*0 -> 0 | AZ18: =+U18*0 -> 0 | BA18: =+U18*0 -> 0 | BB18: =+U18*0 -> 0 | BC18: =+U18*0 -> 0 | BD18: =+U18*0 -> 0 | BE18: =+U18*0 -> 0 | BF18: =+U18*0 -> 0 | BG18: =+U18*0 -> 0 | BH18: =+U18*0 -> 0
C19: 39342 | E19: Mesin Foto copy Canon IR-2016 | G19: 0.25 | H19: 16500000 | K19: =H19+I19-J19 -> 16500000 | N19: =K19+L19-M19 -> 16500000 | O19: =100%/G19 -> 4 | P19: =O19*12 -> 48 | Q19: =MONTH(C19) -> 9 | R19: =YEAR(C19) -> 2007 | S19: =IF(Q19=1, 12, Q19-1) -> 8 | T19: =IF(Q19=1,R19+O19-1,R19+O19) -> 2011 | U19: =K19/P19 -> 343750 | V19: 0 | W19: 48 | X19: =+V19*U19 -> 0 | Y19: 16500000 | Z19: =N19-Y19 -> 0 | AA19: =IF(W19>=P19-12,P19-W19,12) -> 0 | AB19: =+W19+AA19 -> 48 | AC19: =+AA19*U19 -> 0 | AD19: =Y19+AC19 -> 16500000 | AE19: =N19-AD19 -> 0 | AF19: =IF(AB19>=P19-12,P19-AB19,12) -> 0 | AG19: =+AB19+AF19 -> 48 | AH19: =+AF19*U19 -> 0 | AI19: =AD19+AH19 -> 16500000 | AJ19: =N19-AI19 -> 0 | AK19: =IF(AG19>=P19-12,P19-AG19,12) -> 0 | AL19: =+AG19+AK19 -> 48 | AM19: =+AK19*U19 -> 0 | AN19: =AI19+AM19 -> 16500000 | AO19: =N19-AN19 -> 0 | AP19: =IF(AL19>=P19-12,P19-AL19,12) -> 0 | AQ19: =+AL19+AP19 -> 48 | AR19: =+AP19*Z19 -> 0 | AS19: =AN19+AR19 -> 16500000 | AT19: =N19-AS19 -> 0 | AV19: =SUM(AW19:BH19) -> 0 | AW19: =+U19*0 -> 0 | AX19: =+U19*0 -> 0 | AY19: =+U19*0 -> 0 | AZ19: =+U19*0 -> 0 | BA19: =+U19*0 -> 0 | BB19: =+U19*0 -> 0 | BC19: =+U19*0 -> 0 | BD19: =+U19*0 -> 0 | BE19: =+U19*0 -> 0 | BF19: =+U19*0 -> 0 | BG19: =+U19*0 -> 0 | BH19: =+U19*0 -> 0
C20: 39463 | E20: Komputer Intel P-IV 2140 | G20: 0.25 | H20: 6341000 | K20: =H20+I20-J20 -> 6341000 | N20: =K20+L20-M20 -> 6341000 | O20: =100%/G20 -> 4 | P20: =O20*12 -> 48 | Q20: =MONTH(C20) -> 1 | R20: =YEAR(C20) -> 2008 | S20: =IF(Q20=1, 12, Q20-1) -> 12 | T20: =IF(Q20=1,R20+O20-1,R20+O20) -> 2011 | U20: =K20/P20 -> 132104.17 | V20: 0 | W20: 48 | X20: =+V20*U20 -> 0 | Y20: 6341000 | Z20: =N20-Y20 -> 0 | AA20: =IF(W20>=P20-12,P20-W20,12) -> 0 | AB20: =+W20+AA20 -> 48 | AC20: =+AA20*U20 -> 0 | AD20: =Y20+AC20 -> 6341000 | AE20: =N20-AD20 -> 0 | AF20: =IF(AB20>=P20-12,P20-AB20,12) -> 0 | AG20: =+AB20+AF20 -> 48 | AH20: =+AF20*U20 -> 0 | AI20: =AD20+AH20 -> 6341000 | AJ20: =N20-AI20 -> 0 | AK20: =IF(AG20>=P20-12,P20-AG20,12) -> 0 | AL20: =+AG20+AK20 -> 48 | AM20: =+AK20*U20 -> 0 | AN20: =AI20+AM20 -> 6341000 | AO20: =N20-AN20 -> 0 | AP20: =IF(AL20>=P20-12,P20-AL20,12) -> 0 | AQ20: =+AL20+AP20 -> 48 | AR20: =+AP20*Z20 -> 0 | AS20: =AN20+AR20 -> 6341000 | AT20: =N20-AS20 -> 0 | AV20: =SUM(AW20:BH20) -> 0 | AW20: =+U20*0 -> 0 | AX20: =+U20*0 -> 0 | AY20: =+U20*0 -> 0 | AZ20: =+U20*0 -> 0 | BA20: =+U20*0 -> 0 | BB20: =+U20*0 -> 0 | BC20: =+U20*0 -> 0 | BD20: =+U20*0 -> 0 | BE20: =+U20*0 -> 0 | BF20: =+U20*0 -> 0 | BG20: =+U20*0 -> 0 | BH20: =+U20*0 -> 0
C21: 39506 | E21: UPS 650 VA u/ Absensi | G21: 0.25 | H21: 1275000 | K21: =H21+I21-J21 -> 1275000 | N21: =K21+L21-M21 -> 1275000 | O21: =100%/G21 -> 4 | P21: =O21*12 -> 48 | Q21: =MONTH(C21) -> 2 | R21: =YEAR(C21) -> 2008 | S21: =IF(Q21=1, 12, Q21-1) -> 1 | T21: =IF(Q21=1,R21+O21-1,R21+O21) -> 2012 | U21: =K21/P21 -> 26562.5 | V21: 0 | W21: 48 | X21: =+V21*U21 -> 0 | Y21: 1275000 | Z21: =N21-Y21 -> 0 | AA21: =IF(W21>=P21-12,P21-W21,12) -> 0 | AB21: =+W21+AA21 -> 48 | AC21: =+AA21*U21 -> 0 | AD21: =Y21+AC21 -> 1275000 | AE21: =N21-AD21 -> 0 | AF21: =IF(AB21>=P21-12,P21-AB21,12) -> 0 | AG21: =+AB21+AF21 -> 48 | AH21: =+AF21*U21 -> 0 | AI21: =AD21+AH21 -> 1275000 | AJ21: =N21-AI21 -> 0 | AK21: =IF(AG21>=P21-12,P21-AG21,12) -> 0 | AL21: =+AG21+AK21 -> 48 | AM21: =+AK21*U21 -> 0 | AN21: =AI21+AM21 -> 1275000 | AO21: =N21-AN21 -> 0 | AP21: =IF(AL21>=P21-12,P21-AL21,12) -> 0 | AQ21: =+AL21+AP21 -> 48 | AR21: =+AP21*Z21 -> 0 | AS21: =AN21+AR21 -> 1275000 | AT21: =N21-AS21 -> 0 | AV21: =SUM(AW21:BH21) -> 0 | AW21: =+U21*0 -> 0 | AX21: =+U21*0 -> 0 | AY21: =+U21*0 -> 0 | AZ21: =+U21*0 -> 0 | BA21: =+U21*0 -> 0 | BB21: =+U21*0 -> 0 | BC21: =+U21*0 -> 0 | BD21: =+U21*0 -> 0 | BE21: =+U21*0 -> 0 | BF21: =+U21*0 -> 0 | BG21: =+U21*0 -> 0 | BH21: =+U21*0 -> 0
C22: 39552 | E22: Key Phone+Kabel 100 m | G22: 0.25 | H22: 775000 | K22: =H22+I22-J22 -> 775000 | N22: =K22+L22-M22 -> 775000 | O22: =100%/G22 -> 4 | P22: =O22*12 -> 48 | Q22: =MONTH(C22) -> 4 | R22: =YEAR(C22) -> 2008 | S22: =IF(Q22=1, 12, Q22-1) -> 3 | T22: =IF(Q22=1,R22+O22-1,R22+O22) -> 2012 | U22: =K22/P22 -> 16145.833 | V22: 0 | W22: 48 | X22: =+V22*U22 -> 0 | Y22: 775000 | Z22: =N22-Y22 -> 0 | AA22: =IF(W22>=P22-12,P22-W22,12) -> 0 | AB22: =+W22+AA22 -> 48 | AC22: =+AA22*U22 -> 0 | AD22: =Y22+AC22 -> 775000 | AE22: =N22-AD22 -> 0 | AF22: =IF(AB22>=P22-12,P22-AB22,12) -> 0 | AG22: =+AB22+AF22 -> 48 | AH22: =+AF22*U22 -> 0 | AI22: =AD22+AH22 -> 775000 | AJ22: =N22-AI22 -> 0 | AK22: =IF(AG22>=P22-12,P22-AG22,12) -> 0 | AL22: =+AG22+AK22 -> 48 | AM22: =+AK22*U22 -> 0 | AN22: =AI22+AM22 -> 775000 | AO22: =N22-AN22 -> 0 | AP22: =IF(AL22>=P22-12,P22-AL22,12) -> 0 | AQ22: =+AL22+AP22 -> 48 | AR22: =+AP22*Z22 -> 0 | AS22: =AN22+AR22 -> 775000 | AT22: =N22-AS22 -> 0 | AV22: =SUM(AW22:BH22) -> 0 | AW22: =+U22*0 -> 0 | AX22: =+U22*0 -> 0 | AY22: =+U22*0 -> 0 | AZ22: =+U22*0 -> 0 | BA22: =+U22*0 -> 0 | BB22: =+U22*0 -> 0 | BC22: =+U22*0 -> 0 | BD22: =+U22*0 -> 0 | BE22: =+U22*0 -> 0 | BF22: =+U22*0 -> 0 | BG22: =+U22*0 -> 0 | BH22: =+U22*0 -> 0
C23: 39574 | E23: Stand Fan Miyako Kas-1627 KB | G23: 0.25 | H23: 208000 | K23: =H23+I23-J23 -> 208000 | N23: =K23+L23-M23 -> 208000 | O23: =100%/G23 -> 4 | P23: =O23*12 -> 48 | Q23: =MONTH(C23) -> 5 | R23: =YEAR(C23) -> 2008 | S23: =IF(Q23=1, 12, Q23-1) -> 4 | T23: =IF(Q23=1,R23+O23-1,R23+O23) -> 2012 | U23: =K23/P23 -> 4333.3333 | V23: 0 | W23: 48 | X23: =+V23*U23 -> 0 | Y23: 208000 | Z23: =N23-Y23 -> 0 | AA23: =IF(W23>=P23-12,P23-W23,12) -> 0 | AB23: =+W23+AA23 -> 48 | AC23: =+AA23*U23 -> 0 | AD23: =Y23+AC23 -> 208000 | AE23: =N23-AD23 -> 0 | AF23: =IF(AB23>=P23-12,P23-AB23,12) -> 0 | AG23: =+AB23+AF23 -> 48 | AH23: =+AF23*U23 -> 0 | AI23: =AD23+AH23 -> 208000 | AJ23: =N23-AI23 -> 0 | AK23: =IF(AG23>=P23-12,P23-AG23,12) -> 0 | AL23: =+AG23+AK23 -> 48 | AM23: =+AK23*U23 -> 0 | AN23: =AI23+AM23 -> 208000 | AO23: =N23-AN23 -> 0 | AP23: =IF(AL23>=P23-12,P23-AL23,12) -> 0 | AQ23: =+AL23+AP23 -> 48 | AR23: =+AP23*Z23 -> 0 | AS23: =AN23+AR23 -> 208000 | AT23: =N23-AS23 -> 0 | AV23: =SUM(AW23:BH23) -> 0 | AW23: =+U23*0 -> 0 | AX23: =+U23*0 -> 0 | AY23: =+U23*0 -> 0 | AZ23: =+U23*0 -> 0 | BA23: =+U23*0 -> 0 | BB23: =+U23*0 -> 0 | BC23: =+U23*0 -> 0 | BD23: =+U23*0 -> 0 | BE23: =+U23*0 -> 0 | BF23: =+U23*0 -> 0 | BG23: =+U23*0 -> 0 | BH23: =+U23*0 -> 0
... C96: 42647 | E96: Casio DR - 240 | G96: 0.25 | H96: 900000 | K96: =H96+I96-J96 -> 900000 | N96: =K96+L96-M96 -> 900000 | O96: =100%/G96 -> 4 | P96: =O96*12 -> 48 | Q96: =MONTH(C96) -> 10 | R96: =YEAR(C96) -> 2016 | S96: =IF(Q96=1, 12, Q96-1) -> 9 | T96: =IF(Q96=1,R96+O96-1,R96+O96) -> 2020 | U96: =K96/P96 -> 18750 | V96: 0 | W96: 48 | X96: =+V96*U96 -> 0 | Y96: 900000 | Z96: =N96-Y96 -> 0 | AA96: =IF(W96>=P96-12,P96-W96,12) -> 0 | AB96: =+W96+AA96 -> 48 | AC96: =+AA96*U96 -> 0 | AD96: =Y96+AC96 -> 900000 | AE96: =N96-AD96 -> 0 | AF96: =IF(AB96>=P96-12,P96-AB96,12) -> 0 | AG96: =+AB96+AF96 -> 48 | AH96: =+AF96*U96 -> 0 | AI96: =AD96+AH96 -> 900000 | AJ96: =N96-AI96 -> 0 | AK96: =IF(AG96>=P96-12,P96-AG96,12) -> 0 | AL96: =+AG96+AK96 -> 48 | AM96: =+AK96*U96 -> 0 | AN96: =AI96+AM96 -> 900000 | AO96: =N96-AN96 -> 0 | AP96: =IF(AL96>=P96-12,P96-AL96,12) -> 0 | AQ96: =+AL96+AP96 -> 48 | AR96: =+AP96*Z96 -> 0 | AS96: =AN96+AR96 -> 900000 | AT96: =N96-AS96 -> 0 | AV96: =SUM(AW96:BH96) -> 0 | AW96: =+U96*0 -> 0 | AX96: =+U96*0 -> 0 | AY96: =+U96*0 -> 0 | AZ96: =+U96*0 -> 0 | BA96: =+U96*0 -> 0 | BB96: =+U96*0 -> 0 | BC96: =+U96*0 -> 0 | BD96: =+U96*0 -> 0 | BE96: =+U96*0 -> 0 | BF96: =+U96*0 -> 0 | BG96: =+U96*0 -> 0 | BH96: =+U96*0 -> 0
C97: 42678 | D97: PC 54/11 | E97: UPS APC800, Battery UPS 12V-7 | G97: 0.25 | H97: 340000 | K97: =H97+I97-J97 -> 340000 | N97: =K97+L97-M97 -> 340000 | O97: =100%/G97 -> 4 | P97: =O97*12 -> 48 | Q97: =MONTH(C97) -> 11 | R97: =YEAR(C97) -> 2016 | S97: =IF(Q97=1, 12, Q97-1) -> 10 | T97: =IF(Q97=1,R97+O97-1,R97+O97) -> 2020 | U97: =K97/P97 -> 7083.3333 | V97: 0 | W97: 48 | X97: =+V97*U97 -> 0 | Y97: 340000 | Z97: =N97-Y97 -> 0 | AA97: =IF(W97>=P97-12,P97-W97,12) -> 0 | AB97: =+W97+AA97 -> 48 | AC97: =+AA97*U97 -> 0 | AD97: =Y97+AC97 -> 340000 | AE97: =N97-AD97 -> 0 | AF97: =IF(AB97>=P97-12,P97-AB97,12) -> 0 | AG97: =+AB97+AF97 -> 48 | AH97: =+AF97*U97 -> 0 | AI97: =AD97+AH97 -> 340000 | AJ97: =N97-AI97 -> 0 | AK97: =IF(AG97>=P97-12,P97-AG97,12) -> 0 | AL97: =+AG97+AK97 -> 48 | AM97: =+AK97*U97 -> 0 | AN97: =AI97+AM97 -> 340000 | AO97: =N97-AN97 -> 0 | AP97: =IF(AL97>=P97-12,P97-AL97,12) -> 0 | AQ97: =+AL97+AP97 -> 48 | AR97: =+AP97*Z97 -> 0 | AS97: =AN97+AR97 -> 340000 | AT97: =N97-AS97 -> 0 | AV97: =SUM(AW97:BH97) -> 0 | AW97: =+U97*0 -> 0 | AX97: =+U97*0 -> 0 | AY97: =+U97*0 -> 0 | AZ97: =+U97*0 -> 0 | BA97: =+U97*0 -> 0 | BB97: =+U97*0 -> 0 | BC97: =+U97*0 -> 0 | BD97: =+U97*0 -> 0 | BE97: =+U97*0 -> 0 | BF97: =+U97*0 -> 0 | BG97: =+U97*0 -> 0 | BH97: =+U97*0 -> 0
C98: 42695 | D98: PC 139/11 | E98: Printer MP 287 + Infus | G98: 0.25 | H98: 1200000 | K98: =H98+I98-J98 -> 1200000 | N98: =K98+L98-M98 -> 1200000 | O98: =100%/G98 -> 4 | P98: =O98*12 -> 48 | Q98: =MONTH(C98) -> 11 | R98: =YEAR(C98) -> 2016 | S98: =IF(Q98=1, 12, Q98-1) -> 10 | T98: =IF(Q98=1,R98+O98-1,R98+O98) -> 2020 | U98: =K98/P98 -> 25000 | V98: 0 | W98: 48 | X98: =+V98*U98 -> 0 | Y98: 1200000 | Z98: =N98-Y98 -> 0 | AA98: =IF(W98>=P98-12,P98-W98,12) -> 0 | AB98: =+W98+AA98 -> 48 | AC98: =+AA98*U98 -> 0 | AD98: =Y98+AC98 -> 1200000 | AE98: =N98-AD98 -> 0 | AF98: =IF(AB98>=P98-12,P98-AB98,12) -> 0 | AG98: =+AB98+AF98 -> 48 | AH98: =+AF98*U98 -> 0 | AI98: =AD98+AH98 -> 1200000 | AJ98: =N98-AI98 -> 0 | AK98: =IF(AG98>=P98-12,P98-AG98,12) -> 0 | AL98: =+AG98+AK98 -> 48 | AM98: =+AK98*U98 -> 0 | AN98: =AI98+AM98 -> 1200000 | AO98: =N98-AN98 -> 0 | AP98: =IF(AL98>=P98-12,P98-AL98,12) -> 0 | AQ98: =+AL98+AP98 -> 48 | AR98: =+AP98*Z98 -> 0 | AS98: =AN98+AR98 -> 1200000 | AT98: =N98-AS98 -> 0 | AV98: =SUM(AW98:BH98) -> 0 | AW98: =+U98*0 -> 0 | AX98: =+U98*0 -> 0 | AY98: =+U98*0 -> 0 | AZ98: =+U98*0 -> 0 | BA98: =+U98*0 -> 0 | BB98: =+U98*0 -> 0 | BC98: =+U98*0 -> 0 | BD98: =+U98*0 -> 0 | BE98: =+U98*0 -> 0 | BF98: =+U98*0 -> 0 | BG98: =+U98*0 -> 0 | BH98: =+U98*0 -> 0
C99: 42751 | D99: PC 114/01 | E99: Monitor,Keyboard,Mouse | G99: 0.25 | H99: 1380000 | K99: =H99+I99-J99 -> 1380000 | N99: =K99+L99-M99 -> 1380000 | O99: =100%/G99 -> 4 | P99: =O99*12 -> 48 | Q99: =MONTH(C99) -> 1 | R99: =YEAR(C99) -> 2017 | S99: =IF(Q99=1, 12, Q99-1) -> 12 | T99: =IF(Q99=1,R99+O99-1,R99+O99) -> 2020 | U99: =K99/P99 -> 28750 | V99: 0 | W99: 48 | X99: =+V99*U99 -> 0 | Y99: 1380000 | Z99: =N99-Y99 -> 0 | AA99: =IF(W99>=P99-12,P99-W99,12) -> 0 | AB99: =+W99+AA99 -> 48 | AC99: =+AA99*U99 -> 0 | AD99: =Y99+AC99 -> 1380000 | AE99: =N99-AD99 -> 0 | AF99: =IF(AB99>=P99-12,P99-AB99,12) -> 0 | AG99: =+AB99+AF99 -> 48 | AH99: =+AF99*U99 -> 0 | AI99: =AD99+AH99 -> 1380000 | AJ99: =N99-AI99 -> 0 | AK99: =IF(AG99>=P99-12,P99-AG99,12) -> 0 | AL99: =+AG99+AK99 -> 48 | AM99: =+AK99*U99 -> 0 | AN99: =AI99+AM99 -> 1380000 | AO99: =N99-AN99 -> 0 | AP99: =IF(AL99>=P99-12,P99-AL99,12) -> 0 | AQ99: =+AL99+AP99 -> 48 | AR99: =+AP99*Z99 -> 0 | AS99: =AN99+AR99 -> 1380000 | AT99: =N99-AS99 -> 0 | AV99: =SUM(AW99:BH99) -> 0 | AW99: =+U99*0 -> 0 | AX99: =+U99*0 -> 0 | AY99: =+U99*0 -> 0 | AZ99: =+U99*0 -> 0 | BA99: =+U99*0 -> 0 | BB99: =+U99*0 -> 0 | BC99: =+U99*0 -> 0 | BD99: =+U99*0 -> 0 | BE99: =+U99*0 -> 0 | BF99: =+U99*0 -> 0 | BG99: =+U99*0 -> 0 | BH99: =+U99*0 -> 0
C100: 42789 | D100: T96/02/17 | E100: 1 unit CPU Pentium IV Lengkap | G100: 0.25 | H100: 5600000 | K100: =H100+I100-J100 -> 5600000 | N100: =K100+L100-M100 -> 5600000 | O100: =100%/G100 -> 4 | P100: =O100*12 -> 48 | Q100: =MONTH(C100) -> 2 | R100: =YEAR(C100) -> 2017 | S100: =IF(Q100=1, 12, Q100-1) -> 1 | T100: =IF(Q100=1,R100+O100-1,R100+O100) -> 2021 | U100: =K100/P100 -> 116666.67 | V100: 0 | W100: 48 | X100: =+V100*U100 -> 0 | Y100: 5600000 | Z100: =N100-Y100 -> 0 | AA100: =IF(W100>=P100-12,P100-W100,12) -> 0 | AB100: =+W100+AA100 -> 48 | AC100: =+AA100*U100 -> 0 | AD100: =Y100+AC100 -> 5600000 | AE100: =N100-AD100 -> 0 | AF100: =IF(AB100>=P100-12,P100-AB100,12) -> 0 | AG100: =+AB100+AF100 -> 48 | AH100: =+AF100*U100 -> 0 | AI100: =AD100+AH100 -> 5600000 | AJ100: =N100-AI100 -> 0 | AK100: =IF(AG100>=P100-12,P100-AG100,12) -> 0 | AL100: =+AG100+AK100 -> 48 | AM100: =+AK100*U100 -> 0 | AN100: =AI100+AM100 -> 5600000 | AO100: =N100-AN100 -> 0 | AP100: =IF(AL100>=P100-12,P100-AL100,12) -> 0 | AQ100: =+AL100+AP100 -> 48 | AR100: =+AP100*Z100 -> 0 | AS100: =AN100+AR100 -> 5600000 | AT100: =N100-AS100 -> 0 | AV100: =SUM(AW100:BH100) -> 0 | AW100: =+U100*0 -> 0 | AX100: =+U100*0 -> 0 | AY100: =+U100*0 -> 0 | AZ100: =+U100*0 -> 0 | BA100: =+U100*0 -> 0 | BB100: =+U100*0 -> 0 | BC100: =+U100*0 -> 0 | BD100: =+U100*0 -> 0 | BE100: =+U100*0 -> 0 | BF100: =+U100*0 -> 0 | BG100: =+U100*0 -> 0 | BH100: =+U100*0 -> 0
C101: 42807 | D101: PC 80/03/17 | E101: Telepon Krisbow Big Button | G101: 0.25 | H101: 189000 | K101: =H101+I101-J101 -> 189000 | N101: =K101+L101-M101 -> 189000 | O101: =100%/G101 -> 4 | P101: =O101*12 -> 48 | Q101: =MONTH(C101) -> 3 | R101: =YEAR(C101) -> 2017 | S101: =IF(Q101=1, 12, Q101-1) -> 2 | T101: =IF(Q101=1,R101+O101-1,R101+O101) -> 2021 | U101: =K101/P101 -> 3937.5 | V101: 0 | W101: 48 | X101: =+V101*U101 -> 0 | Y101: 189000 | Z101: =N101-Y101 -> 0 | AA101: =IF(W101>=P101-12,P101-W101,12) -> 0 | AB101: =+W101+AA101 -> 48 | AC101: =+AA101*U101 -> 0 | AD101: =Y101+AC101 -> 189000 | AE101: =N101-AD101 -> 0 | AF101: =IF(AB101>=P101-12,P101-AB101,12) -> 0 | AG101: =+AB101+AF101 -> 48 | AH101: =+AF101*U101 -> 0 | AI101: =AD101+AH101 -> 189000 | AJ101: =N101-AI101 -> 0 | AK101: =IF(AG101>=P101-12,P101-AG101,12) -> 0 | AL101: =+AG101+AK101 -> 48 | AM101: =+AK101*U101 -> 0 | AN101: =AI101+AM101 -> 189000 | AO101: =N101-AN101 -> 0 | AP101: =IF(AL101>=P101-12,P101-AL101,12) -> 0 | AQ101: =+AL101+AP101 -> 48 | AR101: =+AP101*Z101 -> 0 | AS101: =AN101+AR101 -> 189000 | AT101: =N101-AS101 -> 0 | AV101: =SUM(AW101:BH101) -> 0 | AW101: =+U101*0 -> 0 | AX101: =+U101*0 -> 0 | AY101: =+U101*0 -> 0 | AZ101: =+U101*0 -> 0 | BA101: =+U101*0 -> 0 | BB101: =+U101*0 -> 0 | BC101: =+U101*0 -> 0 | BD101: =+U101*0 -> 0 | BE101: =+U101*0 -> 0 | BF101: =+U101*0 -> 0 | BG101: =+U101*0 -> 0 | BH101: =+U101*0 -> 0
C102: 42863 | D102: T 22/05/17 | E102: 1 Unit PC Rakitan,Proccessor | G102: 0.25 | H102: 4500000 | K102: =H102+I102-J102 -> 4500000 | N102: =K102+L102-M102 -> 4500000 | O102: =100%/G102 -> 4 | P102: =O102*12 -> 48 | Q102: =MONTH(C102) -> 5 | R102: =YEAR(C102) -> 2017 | S102: =IF(Q102=1, 12, Q102-1) -> 4 | T102: =IF(Q102=1,R102+O102-1,R102+O102) -> 2021 | U102: =K102/P102 -> 93750 | V102: 0 | W102: 48 | X102: =+V102*U102 -> 0 | Y102: 4500000 | Z102: =N102-Y102 -> 0 | AA102: =IF(W102>=P102-12,P102-W102,12) -> 0 | AB102: =+W102+AA102 -> 48 | AC102: =+AA102*U102 -> 0 | AD102: =Y102+AC102 -> 4500000 | AE102: =N102-AD102 -> 0 | AF102: =IF(AB102>=P102-12,P102-AB102,12) -> 0 | AG102: =+AB102+AF102 -> 48 | AH102: =+AF102*U102 -> 0 | AI102: =AD102+AH102 -> 4500000 | AJ102: =N102-AI102 -> 0 | AK102: =IF(AG102>=P102-12,P102-AG102,12) -> 0 | AL102: =+AG102+AK102 -> 48 | AM102: =+AK102*U102 -> 0 | AN102: =AI102+AM102 -> 4500000 | AO102: =N102-AN102 -> 0 | AP102: =IF(AL102>=P102-12,P102-AL102,12) -> 0 | AQ102: =+AL102+AP102 -> 48 | AR102: =+AP102*Z102 -> 0 | AS102: =AN102+AR102 -> 4500000 | AT102: =N102-AS102 -> 0 | AV102: =SUM(AW102:BH102) -> 0 | AW102: =+U102*0 -> 0 | AX102: =+U102*0 -> 0 | AY102: =+U102*0 -> 0 | AZ102: =+U102*0 -> 0 | BA102: =+U102*0 -> 0 | BB102: =+U102*0 -> 0 | BC102: =+U102*0 -> 0 | BD102: =+U102*0 -> 0 | BE102: =+U102*0 -> 0 | BF102: =+U102*0 -> 0 | BG102: =+U102*0 -> 0 | BH102: =+U102*0 -> 0
C103: 42867 | D103: PC 83/05/17 | E103: Printer Epson LQ-310 | G103: 0.25 | H103: 2550000 | K103: =H103+I103-J103 -> 2550000 | N103: =K103+L103-M103 -> 2550000 | O103: =100%/G103 -> 4 | P103: =O103*12 -> 48 | Q103: =MONTH(C103) -> 5 | R103: =YEAR(C103) -> 2017 | S103: =IF(Q103=1, 12, Q103-1) -> 4 | T103: =IF(Q103=1,R103+O103-1,R103+O103) -> 2021 | U103: =K103/P103 -> 53125 | V103: 0 | W103: 48 | X103: =+V103*U103 -> 0 | Y103: 2550000 | Z103: =N103-Y103 -> 0 | AA103: =IF(W103>=P103-12,P103-W103,12) -> 0 | AB103: =+W103+AA103 -> 48 | AC103: =+AA103*U103 -> 0 | AD103: =Y103+AC103 -> 2550000 | AE103: =N103-AD103 -> 0 | AF103: =IF(AB103>=P103-12,P103-AB103,12) -> 0 | AG103: =+AB103+AF103 -> 48 | AH103: =+AF103*U103 -> 0 | AI103: =AD103+AH103 -> 2550000 | AJ103: =N103-AI103 -> 0 | AK103: =IF(AG103>=P103-12,P103-AG103,12) -> 0 | AL103: =+AG103+AK103 -> 48 | AM103: =+AK103*U103 -> 0 | AN103: =AI103+AM103 -> 2550000 | AO103: =N103-AN103 -> 0 | AP103: =IF(AL103>=P103-12,P103-AL103,12) -> 0 | AQ103: =+AL103+AP103 -> 48 | AR103: =+AP103*Z103 -> 0 | AS103: =AN103+AR103 -> 2550000 | AT103: =N103-AS103 -> 0 | AV103: =SUM(AW103:BH103) -> 0 | AW103: =+U103*0 -> 0 | AX103: =+U103*0 -> 0 | AY103: =+U103*0 -> 0 | AZ103: =+U103*0 -> 0 | BA103: =+U103*0 -> 0 | BB103: =+U103*0 -> 0 | BC103: =+U103*0 -> 0 | BD103: =+U103*0 -> 0 | BE103: =+U103*0 -> 0 | BF103: =+U103*0 -> 0 | BG103: =+U103*0 -> 0 | BH103: =+U103*0 -> 0
C104: 42901 | D104: T 71/06/17 | E104: 1 unit CPU Pentium IV Lengkap | G104: 0.25 | H104: 5750000 | K104: =H104+I104-J104 -> 5750000 | N104: =K104+L104-M104 -> 5750000 | O104: =100%/G104 -> 4 | P104: =O104*12 -> 48 | Q104: =MONTH(C104) -> 6 | R104: =YEAR(C104) -> 2017 | S104: =IF(Q104=1, 12, Q104-1) -> 5 | T104: =IF(Q104=1,R104+O104-1,R104+O104) -> 2021 | U104: =K104/P104 -> 119791.67 | V104: 0 | W104: 48 | X104: =+V104*U104 -> 0 | Y104: 5750000 | Z104: =N104-Y104 -> 0 | AA104: =IF(W104>=P104-12,P104-W104,12) -> 0 | AB104: =+W104+AA104 -> 48 | AC104: =+AA104*U104 -> 0 | AD104: =Y104+AC104 -> 5750000 | AE104: =N104-AD104 -> 0 | AF104: =IF(AB104>=P104-12,P104-AB104,12) -> 0 | AG104: =+AB104+AF104 -> 48 | AH104: =+AF104*U104 -> 0 | AI104: =AD104+AH104 -> 5750000 | AJ104: =N104-AI104 -> 0 | AK104: =IF(AG104>=P104-12,P104-AG104,12) -> 0 | AL104: =+AG104+AK104 -> 48 | AM104: =+AK104*U104 -> 0 | AN104: =AI104+AM104 -> 5750000 | AO104: =N104-AN104 -> 0 | AP104: =IF(AL104>=P104-12,P104-AL104,12) -> 0 | AQ104: =+AL104+AP104 -> 48 | AR104: =+AP104*Z104 -> 0 | AS104: =AN104+AR104 -> 5750000 | AT104: =N104-AS104 -> 0 | AV104: =SUM(AW104:BH104) -> 0 | AW104: =+U104*0 -> 0 | AX104: =+U104*0 -> 0 | AY104: =+U104*0 -> 0 | AZ104: =+U104*0 -> 0 | BA104: =+U104*0 -> 0 | BB104: =+U104*0 -> 0 | BC104: =+U104*0 -> 0 | BD104: =+U104*0 -> 0 | BE104: =+U104*0 -> 0 | BF104: =+U104*0 -> 0 | BG104: =+U104*0 -> 0 | BH104: =+U104*0 -> 0
C105: 42942 | D105: PC 162/07 | E105: Monitor LG 20MP | G105: 0.25 | H105: 1225000 | K105: =H105+I105-J105 -> 1225000 | N105: =K105+L105-M105 -> 1225000 | O105: =100%/G105 -> 4 | P105: =O105*12 -> 48 | Q105: =MONTH(C105) -> 7 | R105: =YEAR(C105) -> 2017 | S105: =IF(Q105=1, 12, Q105-1) -> 6 | T105: =IF(Q105=1,R105+O105-1,R105+O105) -> 2021 | U105: =K105/P105 -> 25520.833 | V105: 0 | W105: 48 | X105: =+V105*U105 -> 0 | Y105: 1225000 | Z105: =N105-Y105 -> 0 | AA105: =IF(W105>=P105-12,P105-W105,12) -> 0 | AB105: =+W105+AA105 -> 48 | AC105: =+AA105*U105 -> 0 | AD105: =Y105+AC105 -> 1225000 | AE105: =N105-AD105 -> 0 | AF105: =IF(AB105>=P105-12,P105-AB105,12) -> 0 | AG105: =+AB105+AF105 -> 48 | AH105: =+AF105*U105 -> 0 | AI105: =AD105+AH105 -> 1225000 | AJ105: =N105-AI105 -> 0 | AK105: =IF(AG105>=P105-12,P105-AG105,12) -> 0 | AL105: =+AG105+AK105 -> 48 | AM105: =+AK105*U105 -> 0 | AN105: =AI105+AM105 -> 1225000 | AO105: =N105-AN105 -> 0 | AP105: =IF(AL105>=P105-12,P105-AL105,12) -> 0 | AQ105: =+AL105+AP105 -> 48 | AR105: =+AP105*Z105 -> 0 | AS105: =AN105+AR105 -> 1225000 | AT105: =N105-AS105 -> 0 | AV105: =SUM(AW105:BH105) -> 0 | AW105: =+U105*0 -> 0 | AX105: =+U105*0 -> 0 | AY105: =+U105*0 -> 0 | AZ105: =+U105*0 -> 0 | BA105: =+U105*0 -> 0 | BB105: =+U105*0 -> 0 | BC105: =+U105*0 -> 0 | BD105: =+U105*0 -> 0 | BE105: =+U105*0 -> 0 | BF105: =+U105*0 -> 0 | BG105: =+U105*0 -> 0 | BH105: =+U105*0 -> 0
C106: 42956 | D106: T17/08 | E106: Thinkserver Lenovo TS150 | G106: 0.25 | H106: 10060000 | K106: =H106+I106-J106 -> 10060000 | N106: =K106+L106-M106 -> 10060000 | O106: =100%/G106 -> 4 | P106: =O106*12 -> 48 | Q106: =MONTH(C106) -> 8 | R106: =YEAR(C106) -> 2017 | S106: =IF(Q106=1, 12, Q106-1) -> 7 | T106: =IF(Q106=1,R106+O106-1,R106+O106) -> 2021 | U106: =K106/P106 -> 209583.33 | V106: 0 | W106: 48 | X106: =+V106*U106 -> 0 | Y106: 10060000 | Z106: =N106-Y106 -> 0 | AA106: =IF(W106>=P106-12,P106-W106,12) -> 0 | AB106: =+W106+AA106 -> 48 | AC106: =+AA106*U106 -> 0 | AD106: =Y106+AC106 -> 10060000 | AE106: =N106-AD106 -> 0 | AF106: =IF(AB106>=P106-12,P106-AB106,12) -> 0 | AG106: =+AB106+AF106 -> 48 | AH106: =+AF106*U106 -> 0 | AI106: =AD106+AH106 -> 10060000 | AJ106: =N106-AI106 -> 0 | AK106: =IF(AG106>=P106-12,P106-AG106,12) -> 0 | AL106: =+AG106+AK106 -> 48 | AM106: =+AK106*U106 -> 0 | AN106: =AI106+AM106 -> 10060000 | AO106: =N106-AN106 -> 0 | AP106: =IF(AL106>=P106-12,P106-AL106,12) -> 0 | AQ106: =+AL106+AP106 -> 48 | AR106: =+AP106*Z106 -> 0 | AS106: =AN106+AR106 -> 10060000 | AT106: =N106-AS106 -> 0 | AV106: =SUM(AW106:BH106) -> 0 | AW106: =+U106*0 -> 0 | AX106: =+U106*0 -> 0 | AY106: =+U106*0 -> 0 | AZ106: =+U106*0 -> 0 | BA106: =+U106*0 -> 0 | BB106: =+U106*0 -> 0 | BC106: =+U106*0 -> 0 | BD106: =+U106*0 -> 0 | BE106: =+U106*0 -> 0 | BF106: =+U106*0 -> 0 | BG106: =+U106*0 -> 0 | BH106: =+U106*0 -> 0
C107: 42956 | D107: T18/08 | E107: 1 unit CPU Pentium IV Lengkap | G107: 0.25 | H107: 4725000 | K107: =H107+I107-J107 -> 4725000 | N107: =K107+L107-M107 -> 4725000 | O107: =100%/G107 -> 4 | P107: =O107*12 -> 48 | Q107: =MONTH(C107) -> 8 | R107: =YEAR(C107) -> 2017 | S107: =IF(Q107=1, 12, Q107-1) -> 7 | T107: =IF(Q107=1,R107+O107-1,R107+O107) -> 2021 | U107: =K107/P107 -> 98437.5 | V107: 0 | W107: 48 | X107: =+V107*U107 -> 0 | Y107: 4725000 | Z107: =N107-Y107 -> 0 | AA107: =IF(W107>=P107-12,P107-W107,12) -> 0 | AB107: =+W107+AA107 -> 48 | AC107: =+AA107*U107 -> 0 | AD107: =Y107+AC107 -> 4725000 | AE107: =N107-AD107 -> 0 | AF107: =IF(AB107>=P107-12,P107-AB107,12) -> 0 | AG107: =+AB107+AF107 -> 48 | AH107: =+AF107*U107 -> 0 | AI107: =AD107+AH107 -> 4725000 | AJ107: =N107-AI107 -> 0 | AK107: =IF(AG107>=P107-12,P107-AG107,12) -> 0 | AL107: =+AG107+AK107 -> 48 | AM107: =+AK107*U107 -> 0 | AN107: =AI107+AM107 -> 4725000 | AO107: =N107-AN107 -> 0 | AP107: =IF(AL107>=P107-12,P107-AL107,12) -> 0 | AQ107: =+AL107+AP107 -> 48 | AR107: =+AP107*Z107 -> 0 | AS107: =AN107+AR107 -> 4725000 | AT107: =N107-AS107 -> 0 | AV107: =SUM(AW107:BH107) -> 0 | AW107: =+U107*0 -> 0 | AX107: =+U107*0 -> 0 | AY107: =+U107*0 -> 0 | AZ107: =+U107*0 -> 0 | BA107: =+U107*0 -> 0 | BB107: =+U107*0 -> 0 | BC107: =+U107*0 -> 0 | BD107: =+U107*0 -> 0 | BE107: =+U107*0 -> 0 | BF107: =+U107*0 -> 0 | BG107: =+U107*0 -> 0 | BH107: =+U107*0 -> 0
C108: 42970 | D108: PC 173/08 | E108: Keyboard Logitech | G108: 0.25 | H108: 115000 | K108: =H108+I108-J108 -> 115000 | N108: =K108+L108-M108 -> 115000 | O108: =100%/G108 -> 4 | P108: =O108*12 -> 48 | Q108: =MONTH(C108) -> 8 | R108: =YEAR(C108) -> 2017 | S108: =IF(Q108=1, 12, Q108-1) -> 7 | T108: =IF(Q108=1,R108+O108-1,R108+O108) -> 2021 | U108: =K108/P108 -> 2395.8333 | V108: 0 | W108: 48 | X108: =+V108*U108 -> 0 | Y108: 115000 | Z108: =N108-Y108 -> 0 | AA108: =IF(W108>=P108-12,P108-W108,12) -> 0 | AB108: =+W108+AA108 -> 48 | AC108: =+AA108*U108 -> 0 | AD108: =Y108+AC108 -> 115000 | AE108: =N108-AD108 -> 0 | AF108: =IF(AB108>=P108-12,P108-AB108,12) -> 0 | AG108: =+AB108+AF108 -> 48 | AH108: =+AF108*U108 -> 0 | AI108: =AD108+AH108 -> 115000 | AJ108: =N108-AI108 -> 0 | AK108: =IF(AG108>=P108-12,P108-AG108,12) -> 0 | AL108: =+AG108+AK108 -> 48 | AM108: =+AK108*U108 -> 0 | AN108: =AI108+AM108 -> 115000 | AO108: =N108-AN108 -> 0 | AP108: =IF(AL108>=P108-12,P108-AL108,12) -> 0 | AQ108: =+AL108+AP108 -> 48 | AR108: =+AP108*Z108 -> 0 | AS108: =AN108+AR108 -> 115000 | AT108: =N108-AS108 -> 0 | AV108: =SUM(AW108:BH108) -> 0 | AW108: =+U108*0 -> 0 | AX108: =+U108*0 -> 0 | AY108: =+U108*0 -> 0 | AZ108: =+U108*0 -> 0 | BA108: =+U108*0 -> 0 | BB108: =+U108*0 -> 0 | BC108: =+U108*0 -> 0 | BD108: =+U108*0 -> 0 | BE108: =+U108*0 -> 0 | BF108: =+U108*0 -> 0 | BG108: =+U108*0 -> 0 | BH108: =+U108*0 -> 0
... C113: 43100 | D113: BYM | E113: Handphone | G113: 0.25 | H113: 2500000 | K113: =H113+I113-J113 -> 2500000 | N113: =K113+L113-M113 -> 2500000 | O113: =100%/G113 -> 4 | P113: =O113*12 -> 48 | Q113: =MONTH(C113) -> 12 | R113: =YEAR(C113) -> 2017 | S113: =IF(Q113=1, 12, Q113-1) -> 11 | T113: =IF(Q113=1,R113+O113-1,R113+O113) -> 2021 | U113: =K113/P113 -> 52083.333 | V113: 0 | W113: 48 | X113: =+V113*U113 -> 0 | Y113: 2500000 | Z113: =N113-Y113 -> 0 | AA113: =IF(W113>=P113-12,P113-W113,12) -> 0 | AB113: =+W113+AA113 -> 48 | AC113: =+AA113*U113 -> 0 | AD113: =Y113+AC113 -> 2500000 | AE113: =N113-AD113 -> 0 | AF113: =IF(AB113>=P113-12,P113-AB113,12) -> 0 | AG113: =+AB113+AF113 -> 48 | AH113: =+AF113*U113 -> 0 | AI113: =AD113+AH113 -> 2500000 | AJ113: =N113-AI113 -> 0 | AK113: =IF(AG113>=P113-12,P113-AG113,12) -> 0 | AL113: =+AG113+AK113 -> 48 | AM113: =+AK113*U113 -> 0 | AN113: =AI113+AM113 -> 2500000 | AO113: =N113-AN113 -> 0 | AP113: =IF(AL113>=P113-12,P113-AL113,12) -> 0 | AQ113: =+AL113+AP113 -> 48 | AR113: =+AP113*Z113 -> 0 | AS113: =AN113+AR113 -> 2500000 | AT113: =N113-AS113 -> 0 | AV113: =SUM(AW113:BH113) -> 0 | AW113: =+U113*0 -> 0 | AX113: =+U113*0 -> 0 | AY113: =+U113*0 -> 0 | AZ113: =+U113*0 -> 0 | BA113: =+U113*0 -> 0 | BB113: =+U113*0 -> 0 | BC113: =+U113*0 -> 0 | BD113: =+U113*0 -> 0 | BE113: =+U113*0 -> 0 | BF113: =+U113*0 -> 0 | BG113: =+U113*0 -> 0 | BH113: =+U113*0 -> 0
C114: 43116 | D114: T24/01/18 | E114: Printer Barcode | G114: 0.25 | I114: 3800000 | K114: =H114+I114-J114 -> 3800000 | N114: =K114+L114-M114 -> 3800000 | O114: =100%/G114 -> 4 | P114: =O114*12 -> 48 | Q114: =MONTH(C114) -> 1 | R114: =YEAR(C114) -> 2018 | S114: =IF(Q114=1, 12, Q114-1) -> 12 | T114: =IF(Q114=1,R114+O114-1,R114+O114) -> 2021 | U114: =K114/P114 -> 79166.667 | V114: 0 | W114: 48 | X114: =+V114*U114 -> 0 | Y114: 3800000 | Z114: =N114-Y114 -> 0 | AA114: =IF(W114>=P114-12,P114-W114,12) -> 0 | AB114: =+W114+AA114 -> 48 | AC114: =+AA114*U114 -> 0 | AD114: =Y114+AC114 -> 3800000 | AE114: =N114-AD114 -> 0 | AF114: =IF(AB114>=P114-12,P114-AB114,12) -> 0 | AG114: =+AB114+AF114 -> 48 | AH114: =+AF114*U114 -> 0 | AI114: =AD114+AH114 -> 3800000 | AJ114: =N114-AI114 -> 0 | AK114: =IF(AG114>=P114-12,P114-AG114,12) -> 0 | AL114: =+AG114+AK114 -> 48 | AM114: =+AK114*U114 -> 0 | AN114: =AI114+AM114 -> 3800000 | AO114: =N114-AN114 -> 0 | AP114: =IF(AL114>=P114-12,P114-AL114,12) -> 0 | AQ114: =+AL114+AP114 -> 48 | AR114: =+AP114*Z114 -> 0 | AS114: =AN114+AR114 -> 3800000 | AT114: =N114-AS114 -> 0 | AV114: =SUM(AW114:BH114) -> 0 | AW114: =+U114*0 -> 0 | AX114: =+U114*0 -> 0 | AY114: =+U114*0 -> 0 | AZ114: =+U114*0 -> 0 | BA114: =+U114*0 -> 0 | BB114: =+U114*0 -> 0 | BC114: =+U114*0 -> 0 | BD114: =+U114*0 -> 0 | BE114: =+U114*0 -> 0 | BF114: =+U114*0 -> 0 | BG114: =+U114*0 -> 0 | BH114: =+U114*0 -> 0
C115: 43116 | D115: T24/01/18 | E115: Scanner Barcode | G115: 0.25 | I115: 1200000 | K115: =H115+I115-J115 -> 1200000 | N115: =K115+L115-M115 -> 1200000 | O115: =100%/G115 -> 4 | P115: =O115*12 -> 48 | Q115: =MONTH(C115) -> 1 | R115: =YEAR(C115) -> 2018 | S115: =IF(Q115=1, 12, Q115-1) -> 12 | T115: =IF(Q115=1,R115+O115-1,R115+O115) -> 2021 | U115: =K115/P115 -> 25000 | V115: 0 | W115: 48 | X115: =+V115*U115 -> 0 | Y115: 1200000 | Z115: =N115-Y115 -> 0 | AA115: =IF(W115>=P115-12,P115-W115,12) -> 0 | AB115: =+W115+AA115 -> 48 | AC115: =+AA115*U115 -> 0 | AD115: =Y115+AC115 -> 1200000 | AE115: =N115-AD115 -> 0 | AF115: =IF(AB115>=P115-12,P115-AB115,12) -> 0 | AG115: =+AB115+AF115 -> 48 | AH115: =+AF115*U115 -> 0 | AI115: =AD115+AH115 -> 1200000 | AJ115: =N115-AI115 -> 0 | AK115: =IF(AG115>=P115-12,P115-AG115,12) -> 0 | AL115: =+AG115+AK115 -> 48 | AM115: =+AK115*U115 -> 0 | AN115: =AI115+AM115 -> 1200000 | AO115: =N115-AN115 -> 0 | AP115: =IF(AL115>=P115-12,P115-AL115,12) -> 0 | AQ115: =+AL115+AP115 -> 48 | AR115: =+AP115*Z115 -> 0 | AS115: =AN115+AR115 -> 1200000 | AT115: =N115-AS115 -> 0 | AV115: =SUM(AW115:BH115) -> 0 | AW115: =+U115*0 -> 0 | AX115: =+U115*0 -> 0 | AY115: =+U115*0 -> 0 | AZ115: =+U115*0 -> 0 | BA115: =+U115*0 -> 0 | BB115: =+U115*0 -> 0 | BC115: =+U115*0 -> 0 | BD115: =+U115*0 -> 0 | BE115: =+U115*0 -> 0 | BF115: =+U115*0 -> 0 | BG115: =+U115*0 -> 0 | BH115: =+U115*0 -> 0
C116: 43154 | D116: T59/03/18 | E116: Komputer GB H81 | G116: 0.25 | I116: 4575000 | K116: =H116+I116-J116 -> 4575000 | N116: =K116+L116-M116 -> 4575000 | O116: =100%/G116 -> 4 | P116: =O116*12 -> 48 | Q116: =MONTH(C116) -> 2 | R116: =YEAR(C116) -> 2018 | S116: =IF(Q116=1, 12, Q116-1) -> 1 | T116: =IF(Q116=1,R116+O116-1,R116+O116) -> 2022 | U116: =K116/P116 -> 95312.5 | V116: 0 | W116: 48 | X116: =+V116*U116 -> 0 | Y116: 4575000 | Z116: =N116-Y116 -> 0 | AA116: =IF(W116>=P116-12,P116-W116,12) -> 0 | AB116: =+W116+AA116 -> 48 | AC116: =+AA116*U116 -> 0 | AD116: =Y116+AC116 -> 4575000 | AE116: =N116-AD116 -> 0 | AF116: =IF(AB116>=P116-12,P116-AB116,12) -> 0 | AG116: =+AB116+AF116 -> 48 | AH116: =+AF116*U116 -> 0 | AI116: =AD116+AH116 -> 4575000 | AJ116: =N116-AI116 -> 0 | AK116: =IF(AG116>=P116-12,P116-AG116,12) -> 0 | AL116: =+AG116+AK116 -> 48 | AM116: =+AK116*U116 -> 0 | AN116: =AI116+AM116 -> 4575000 | AO116: =N116-AN116 -> 0 | AP116: =IF(AL116>=P116-12,P116-AL116,12) -> 0 | AQ116: =+AL116+AP116 -> 48 | AR116: =+AP116*Z116 -> 0 | AS116: =AN116+AR116 -> 4575000 | AT116: =N116-AS116 -> 0 | AV116: =SUM(AW116:BH116) -> 0 | AW116: =+U116*0 -> 0 | AX116: =+U116*0 -> 0 | AY116: =+U116*0 -> 0 | AZ116: =+U116*0 -> 0 | BA116: =+U116*0 -> 0 | BB116: =+U116*0 -> 0 | BC116: =+U116*0 -> 0 | BD116: =+U116*0 -> 0 | BE116: =+U116*0 -> 0 | BF116: =+U116*0 -> 0 | BG116: =+U116*0 -> 0 | BH116: =+U116*0 -> 0
C117: 43159 | D117: T103/02/18 | E117: Scanner Barcode | G117: 0.25 | I117: 7900000 | K117: =H117+I117-J117 -> 7900000 | N117: =K117+L117-M117 -> 7900000 | O117: =100%/G117 -> 4 | P117: =O117*12 -> 48 | Q117: =MONTH(C117) -> 2 | R117: =YEAR(C117) -> 2018 | S117: =IF(Q117=1, 12, Q117-1) -> 1 | T117: =IF(Q117=1,R117+O117-1,R117+O117) -> 2022 | U117: =K117/P117 -> 164583.33 | V117: 0 | W117: 48 | X117: =+V117*U117 -> 0 | Y117: 7900000 | Z117: =N117-Y117 -> 0 | AA117: =IF(W117>=P117-12,P117-W117,12) -> 0 | AB117: =+W117+AA117 -> 48 | AC117: =+AA117*U117 -> 0 | AD117: =Y117+AC117 -> 7900000 | AE117: =N117-AD117 -> 0 | AF117: =IF(AB117>=P117-12,P117-AB117,12) -> 0 | AG117: =+AB117+AF117 -> 48 | AH117: =+AF117*U117 -> 0 | AI117: =AD117+AH117 -> 7900000 | AJ117: =N117-AI117 -> 0 | AK117: =IF(AG117>=P117-12,P117-AG117,12) -> 0 | AL117: =+AG117+AK117 -> 48 | AM117: =+AK117*U117 -> 0 | AN117: =AI117+AM117 -> 7900000 | AO117: =N117-AN117 -> 0 | AP117: =IF(AL117>=P117-12,P117-AL117,12) -> 0 | AQ117: =+AL117+AP117 -> 48 | AR117: =+AP117*Z117 -> 0 | AS117: =AN117+AR117 -> 7900000 | AT117: =N117-AS117 -> 0 | AV117: =SUM(AW117:BH117) -> 0 | AW117: =+U117*0 -> 0 | AX117: =+U117*0 -> 0 | AY117: =+U117*0 -> 0 | AZ117: =+U117*0 -> 0 | BA117: =+U117*0 -> 0 | BB117: =+U117*0 -> 0 | BC117: =+U117*0 -> 0 | BD117: =+U117*0 -> 0 | BE117: =+U117*0 -> 0 | BF117: =+U117*0 -> 0 | BG117: =+U117*0 -> 0 | BH117: =+U117*0 -> 0
C118: 43179 | D118: T29/04/18 | E118: Komputer HRD | G118: 0.25 | I118: 7560000 | K118: =H118+I118-J118 -> 7560000 | N118: =K118+L118-M118 -> 7560000 | O118: =100%/G118 -> 4 | P118: =O118*12 -> 48 | Q118: =MONTH(C118) -> 3 | R118: =YEAR(C118) -> 2018 | S118: =IF(Q118=1, 12, Q118-1) -> 2 | T118: =IF(Q118=1,R118+O118-1,R118+O118) -> 2022 | U118: =K118/P118 -> 157500 | V118: 0 | W118: 48 | X118: =+V118*U118 -> 0 | Y118: 7560000 | Z118: =N118-Y118 -> 0 | AA118: =IF(W118>=P118-12,P118-W118,12) -> 0 | AB118: =+W118+AA118 -> 48 | AC118: =+AA118*U118 -> 0 | AD118: =Y118+AC118 -> 7560000 | AE118: =N118-AD118 -> 0 | AF118: =IF(AB118>=P118-12,P118-AB118,12) -> 0 | AG118: =+AB118+AF118 -> 48 | AH118: =+AF118*U118 -> 0 | AI118: =AD118+AH118 -> 7560000 | AJ118: =N118-AI118 -> 0 | AK118: =IF(AG118>=P118-12,P118-AG118,12) -> 0 | AL118: =+AG118+AK118 -> 48 | AM118: =+AK118*U118 -> 0 | AN118: =AI118+AM118 -> 7560000 | AO118: =N118-AN118 -> 0 | AP118: =IF(AL118>=P118-12,P118-AL118,12) -> 0 | AQ118: =+AL118+AP118 -> 48 | AR118: =+AP118*Z118 -> 0 | AS118: =AN118+AR118 -> 7560000 | AT118: =N118-AS118 -> 0 | AV118: =SUM(AW118:BH118) -> 0 | AW118: =+U118*0 -> 0 | AX118: =+U118*0 -> 0 | AY118: =+U118*0 -> 0 | AZ118: =+U118*0 -> 0 | BA118: =+U118*0 -> 0 | BB118: =+U118*0 -> 0 | BC118: =+U118*0 -> 0 | BD118: =+U118*0 -> 0 | BE118: =+U118*0 -> 0 | BF118: =+U118*0 -> 0 | BG118: =+U118*0 -> 0 | BH118: =+U118*0 -> 0
C119: 43182 | D119: PC216/03/18 | E119: Printer MP 287 | G119: 0.25 | I119: 1175000 | K119: =H119+I119-J119 -> 1175000 | N119: =K119+L119-M119 -> 1175000 | O119: =100%/G119 -> 4 | P119: =O119*12 -> 48 | Q119: =MONTH(C119) -> 3 | R119: =YEAR(C119) -> 2018 | S119: =IF(Q119=1, 12, Q119-1) -> 2 | T119: =IF(Q119=1,R119+O119-1,R119+O119) -> 2022 | U119: =K119/P119 -> 24479.167 | V119: 0 | W119: 48 | X119: =+V119*U119 -> 0 | Y119: 1175000 | Z119: =N119-Y119 -> 0 | AA119: =IF(W119>=P119-12,P119-W119,12) -> 0 | AB119: =+W119+AA119 -> 48 | AC119: =+AA119*U119 -> 0 | AD119: =Y119+AC119 -> 1175000 | AE119: =N119-AD119 -> 0 | AF119: =IF(AB119>=P119-12,P119-AB119,12) -> 0 | AG119: =+AB119+AF119 -> 48 | AH119: =+AF119*U119 -> 0 | AI119: =AD119+AH119 -> 1175000 | AJ119: =N119-AI119 -> 0 | AK119: =IF(AG119>=P119-12,P119-AG119,12) -> 0 | AL119: =+AG119+AK119 -> 48 | AM119: =+AK119*U119 -> 0 | AN119: =AI119+AM119 -> 1175000 | AO119: =N119-AN119 -> 0 | AP119: =IF(AL119>=P119-12,P119-AL119,12) -> 0 | AQ119: =+AL119+AP119 -> 48 | AR119: =+AP119*Z119 -> 0 | AS119: =AN119+AR119 -> 1175000 | AT119: =N119-AS119 -> 0 | AV119: =SUM(AW119:BH119) -> 0 | AW119: =+U119*0 -> 0 | AX119: =+U119*0 -> 0 | AY119: =+U119*0 -> 0 | AZ119: =+U119*0 -> 0 | BA119: =+U119*0 -> 0 | BB119: =+U119*0 -> 0 | BC119: =+U119*0 -> 0 | BD119: =+U119*0 -> 0 | BE119: =+U119*0 -> 0 | BF119: =+U119*0 -> 0 | BG119: =+U119*0 -> 0 | BH119: =+U119*0 -> 0
C120: 43251 | D120: T66/05/18 | E120: AC Sharp | G120: 0.25 | I120: 3299000 | K120: =H120+I120-J120 -> 3299000 | N120: =K120+L120-M120 -> 3299000 | O120: =100%/G120 -> 4 | P120: =O120*12 -> 48 | Q120: =MONTH(C120) -> 5 | R120: =YEAR(C120) -> 2018 | S120: =IF(Q120=1, 12, Q120-1) -> 4 | T120: =IF(Q120=1,R120+O120-1,R120+O120) -> 2022 | U120: =K120/P120 -> 68729.167 | V120: 0 | W120: 48 | X120: =+V120*U120 -> 0 | Y120: 3299000 | Z120: =N120-Y120 -> 0 | AA120: =IF(W120>=P120-12,P120-W120,12) -> 0 | AB120: =+W120+AA120 -> 48 | AC120: =+AA120*U120 -> 0 | AD120: =Y120+AC120 -> 3299000 | AE120: =N120-AD120 -> 0 | AF120: =IF(AB120>=P120-12,P120-AB120,12) -> 0 | AG120: =+AB120+AF120 -> 48 | AH120: =+AF120*U120 -> 0 | AI120: =AD120+AH120 -> 3299000 | AJ120: =N120-AI120 -> 0 | AK120: =IF(AG120>=P120-12,P120-AG120,12) -> 0 | AL120: =+AG120+AK120 -> 48 | AM120: =+AK120*U120 -> 0 | AN120: =AI120+AM120 -> 3299000 | AO120: =N120-AN120 -> 0 | AP120: =IF(AL120>=P120-12,P120-AL120,12) -> 0 | AQ120: =+AL120+AP120 -> 48 | AR120: =+AP120*Z120 -> 0 | AS120: =AN120+AR120 -> 3299000 | AT120: =N120-AS120 -> 0 | AV120: =SUM(AW120:BH120) -> 0 | AW120: =+U120*0 -> 0 | AX120: =+U120*0 -> 0 | AY120: =+U120*0 -> 0 | AZ120: =+U120*0 -> 0 | BA120: =+U120*0 -> 0 | BB120: =+U120*0 -> 0 | BC120: =+U120*0 -> 0 | BD120: =+U120*0 -> 0 | BE120: =+U120*0 -> 0 | BF120: =+U120*0 -> 0 | BG120: =+U120*0 -> 0 | BH120: =+U120*0 -> 0
C121: 43259 | D121: T72/06/18 | E121: UPS | G121: 0.25 | I121: 2060000 | K121: =H121+I121-J121 -> 2060000 | N121: =K121+L121-M121 -> 2060000 | O121: =100%/G121 -> 4 | P121: =O121*12 -> 48 | Q121: =MONTH(C121) -> 6 | R121: =YEAR(C121) -> 2018 | S121: =IF(Q121=1, 12, Q121-1) -> 5 | T121: =IF(Q121=1,R121+O121-1,R121+O121) -> 2022 | U121: =K121/P121 -> 42916.667 | V121: 0 | W121: 48 | X121: =+V121*U121 -> 0 | Y121: 2060000 | Z121: =N121-Y121 -> 0 | AA121: =IF(W121>=P121-12,P121-W121,12) -> 0 | AB121: =+W121+AA121 -> 48 | AC121: =+AA121*U121 -> 0 | AD121: =Y121+AC121 -> 2060000 | AE121: =N121-AD121 -> 0 | AF121: =IF(AB121>=P121-12,P121-AB121,12) -> 0 | AG121: =+AB121+AF121 -> 48 | AH121: =+AF121*U121 -> 0 | AI121: =AD121+AH121 -> 2060000 | AJ121: =N121-AI121 -> 0 | AK121: =IF(AG121>=P121-12,P121-AG121,12) -> 0 | AL121: =+AG121+AK121 -> 48 | AM121: =+AK121*U121 -> 0 | AN121: =AI121+AM121 -> 2060000 | AO121: =N121-AN121 -> 0 | AP121: =IF(AL121>=P121-12,P121-AL121,12) -> 0 | AQ121: =+AL121+AP121 -> 48 | AR121: =+AP121*Z121 -> 0 | AS121: =AN121+AR121 -> 2060000 | AT121: =N121-AS121 -> 0 | AV121: =SUM(AW121:BH121) -> 0 | AW121: =+U121*0 -> 0 | AX121: =+U121*0 -> 0 | AY121: =+U121*0 -> 0 | AZ121: =+U121*0 -> 0 | BA121: =+U121*0 -> 0 | BB121: =+U121*0 -> 0 | BC121: =+U121*0 -> 0 | BD121: =+U121*0 -> 0 | BE121: =+U121*0 -> 0 | BF121: =+U121*0 -> 0 | BG121: =+U121*0 -> 0 | BH121: =+U121*0 -> 0
C122: 43256 | D122: T32/07/18 | E122: 1 Unit Komputer | G122: 0.25 | I122: 6100000 | K122: =H122+I122-J122 -> 6100000 | N122: =K122+L122-M122 -> 6100000 | O122: =100%/G122 -> 4 | P122: =O122*12 -> 48 | Q122: =MONTH(C122) -> 6 | R122: =YEAR(C122) -> 2018 | S122: =IF(Q122=1, 12, Q122-1) -> 5 | T122: =IF(Q122=1,R122+O122-1,R122+O122) -> 2022 | U122: =K122/P122 -> 127083.33 | V122: 0 | W122: 48 | X122: =+V122*U122 -> 0 | Y122: 6100000 | Z122: =N122-Y122 -> 0 | AA122: =IF(W122>=P122-12,P122-W122,12) -> 0 | AB122: =+W122+AA122 -> 48 | AC122: =+AA122*U122 -> 0 | AD122: =Y122+AC122 -> 6100000 | AE122: =N122-AD122 -> 0 | AF122: =IF(AB122>=P122-12,P122-AB122,12) -> 0 | AG122: =+AB122+AF122 -> 48 | AH122: =+AF122*U122 -> 0 | AI122: =AD122+AH122 -> 6100000 | AJ122: =N122-AI122 -> 0 | AK122: =IF(AG122>=P122-12,P122-AG122,12) -> 0 | AL122: =+AG122+AK122 -> 48 | AM122: =+AK122*U122 -> 0 | AN122: =AI122+AM122 -> 6100000 | AO122: =N122-AN122 -> 0 | AP122: =IF(AL122>=P122-12,P122-AL122,12) -> 0 | AQ122: =+AL122+AP122 -> 48 | AR122: =+AP122*Z122 -> 0 | AS122: =AN122+AR122 -> 6100000 | AT122: =N122-AS122 -> 0 | AV122: =SUM(AW122:BH122) -> 0 | AW122: =+U122*0 -> 0 | AX122: =+U122*0 -> 0 | AY122: =+U122*0 -> 0 | AZ122: =+U122*0 -> 0 | BA122: =+U122*0 -> 0 | BB122: =+U122*0 -> 0 | BC122: =+U122*0 -> 0 | BD122: =+U122*0 -> 0 | BE122: =+U122*0 -> 0 | BF122: =+U122*0 -> 0 | BG122: =+U122*0 -> 0 | BH122: =+U122*0 -> 0
C123: 43307 | D123: T114/07/18 | E123: 1 Unit Komputer | G123: 0.25 | I123: 6100000 | K123: =H123+I123-J123 -> 6100000 | N123: =K123+L123-M123 -> 6100000 | O123: =100%/G123 -> 4 | P123: =O123*12 -> 48 | Q123: =MONTH(C123) -> 7 | R123: =YEAR(C123) -> 2018 | S123: =IF(Q123=1, 12, Q123-1) -> 6 | T123: =IF(Q123=1,R123+O123-1,R123+O123) -> 2022 | U123: =K123/P123 -> 127083.33 | V123: 0 | W123: 48 | X123: =+V123*U123 -> 0 | Y123: 6100000 | Z123: =N123-Y123 -> 0 | AA123: =IF(W123>=P123-12,P123-W123,12) -> 0 | AB123: =+W123+AA123 -> 48 | AC123: =+AA123*U123 -> 0 | AD123: =Y123+AC123 -> 6100000 | AE123: =N123-AD123 -> 0 | AF123: =IF(AB123>=P123-12,P123-AB123,12) -> 0 | AG123: =+AB123+AF123 -> 48 | AH123: =+AF123*U123 -> 0 | AI123: =AD123+AH123 -> 6100000 | AJ123: =N123-AI123 -> 0 | AK123: =IF(AG123>=P123-12,P123-AG123,12) -> 0 | AL123: =+AG123+AK123 -> 48 | AM123: =+AK123*U123 -> 0 | AN123: =AI123+AM123 -> 6100000 | AO123: =N123-AN123 -> 0 | AP123: =IF(AL123>=P123-12,P123-AL123,12) -> 0 | AQ123: =+AL123+AP123 -> 48 | AR123: =+AP123*Z123 -> 0 | AS123: =AN123+AR123 -> 6100000 | AT123: =N123-AS123 -> 0 | AV123: =SUM(AW123:BH123) -> 0 | AW123: =+U123*0 -> 0 | AX123: =+U123*0 -> 0 | AY123: =+U123*0 -> 0 | AZ123: =+U123*0 -> 0 | BA123: =+U123*0 -> 0 | BB123: =+U123*0 -> 0 | BC123: =+U123*0 -> 0 | BD123: =+U123*0 -> 0 | BE123: =+U123*0 -> 0 | BF123: =+U123*0 -> 0 | BG123: =+U123*0 -> 0 | BH123: =+U123*0 -> 0
C124: 43402 | D124: PC311/10/18 | E124: 1 Unit Komputer | G124: 0.25 | I124: 6130000 | K124: =H124+I124-J124 -> 6130000 | N124: =K124+L124-M124 -> 6130000 | O124: =100%/G124 -> 4 | P124: =O124*12 -> 48 | Q124: =MONTH(C124) -> 10 | R124: =YEAR(C124) -> 2018 | S124: =IF(Q124=1, 12, Q124-1) -> 9 | T124: =IF(Q124=1,R124+O124-1,R124+O124) -> 2022 | U124: =K124/P124 -> 127708.33 | V124: 0 | W124: 48 | X124: =+V124*U124 -> 0 | Y124: 6130000 | Z124: =N124-Y124 -> 0 | AA124: =IF(W124>=P124-12,P124-W124,12) -> 0 | AB124: =+W124+AA124 -> 48 | AC124: =+AA124*U124 -> 0 | AD124: =Y124+AC124 -> 6130000 | AE124: =N124-AD124 -> 0 | AF124: =IF(AB124>=P124-12,P124-AB124,12) -> 0 | AG124: =+AB124+AF124 -> 48 | AH124: =+AF124*U124 -> 0 | AI124: =AD124+AH124 -> 6130000 | AJ124: =N124-AI124 -> 0 | AK124: =IF(AG124>=P124-12,P124-AG124,12) -> 0 | AL124: =+AG124+AK124 -> 48 | AM124: =+AK124*U124 -> 0 | AN124: =AI124+AM124 -> 6130000 | AO124: =N124-AN124 -> 0 | AP124: =IF(AL124>=P124-12,P124-AL124,12) -> 0 | AQ124: =+AL124+AP124 -> 48 | AR124: =+AP124*Z124 -> 0 | AS124: =AN124+AR124 -> 6130000 | AT124: =N124-AS124 -> 0 | AV124: =SUM(AW124:BH124) -> 0 | AW124: =+U124*0 -> 0 | AX124: =+U124*0 -> 0 | AY124: =+U124*0 -> 0 | AZ124: =+U124*0 -> 0 | BA124: =+U124*0 -> 0 | BB124: =+U124*0 -> 0 | BC124: =+U124*0 -> 0 | BD124: =+U124*0 -> 0 | BE124: =+U124*0 -> 0 | BF124: =+U124*0 -> 0 | BG124: =+U124*0 -> 0 | BH124: =+U124*0 -> 0
C125: 43402 | D125: T 23/11/18 | E125: Stabilizer Matsuyama | G125: 0.25 | I125: 41545000 | K125: =H125+I125-J125 -> 41545000 | N125: =K125+L125-M125 -> 41545000 | O125: =100%/G125 -> 4 | P125: =O125*12 -> 48 | Q125: =MONTH(C125) -> 10 | R125: =YEAR(C125) -> 2018 | S125: =IF(Q125=1, 12, Q125-1) -> 9 | T125: =IF(Q125=1,R125+O125-1,R125+O125) -> 2022 | U125: =K125/P125 -> 865520.83 | V125: 0 | W125: 48 | X125: =+V125*U125 -> 0 | Y125: 41545000 | Z125: =N125-Y125 -> 0 | AA125: =IF(W125>=P125-12,P125-W125,12) -> 0 | AB125: =+W125+AA125 -> 48 | AC125: =+AA125*U125 -> 0 | AD125: =Y125+AC125 -> 41545000 | AE125: =N125-AD125 -> 0 | AF125: =IF(AB125>=P125-12,P125-AB125,12) -> 0 | AG125: =+AB125+AF125 -> 48 | AH125: =+AF125*U125 -> 0 | AI125: =AD125+AH125 -> 41545000 | AJ125: =N125-AI125 -> 0 | AK125: =IF(AG125>=P125-12,P125-AG125,12) -> 0 | AL125: =+AG125+AK125 -> 48 | AM125: =+AK125*U125 -> 0 | AN125: =AI125+AM125 -> 41545000 | AO125: =N125-AN125 -> 0 | AP125: =IF(AL125>=P125-12,P125-AL125,12) -> 0 | AQ125: =+AL125+AP125 -> 48 | AR125: =+AP125*Z125 -> 0 | AS125: =AN125+AR125 -> 41545000 | AT125: =N125-AS125 -> 0 | AV125: =SUM(AW125:BH125) -> 0 | AW125: =+U125*0 -> 0 | AX125: =+U125*0 -> 0 | AY125: =+U125*0 -> 0 | AZ125: =+U125*0 -> 0 | BA125: =+U125*0 -> 0 | BB125: =+U125*0 -> 0 | BC125: =+U125*0 -> 0 | BD125: =+U125*0 -> 0 | BE125: =+U125*0 -> 0 | BF125: =+U125*0 -> 0 | BG125: =+U125*0 -> 0 | BH125: =+U125*0 -> 0
C127: 43473 | D127: T 11/01/19 | E127: 1 Unit AC - Daikin 2 PK | G127: 0.25 | N127: 6200000 | O127: =100%/G127 -> 4 | P127: =O127*12 -> 48 | Q127: =MONTH(C127) -> 1 | R127: =YEAR(C127) -> 2019 | S127: =IF(Q127=1, 12, Q127-1) -> 12 | T127: =IF(Q127=1,R127+O127-1,R127+O127) -> 2022 | U127: =N127/P127 -> 129166.67 | V127: 12 | W127: 48 | X127: =+V127*U127 -> 1550000 | Y127: 6200000 | Z127: =N127-Y127 -> 0 | AA127: =IF(W127>=P127-12,P127-W127,12) -> 0 | AB127: =+W127+AA127 -> 48 | AC127: =+AA127*U127 -> 0 | AD127: =Y127+AC127 -> 6200000 | AE127: =N127-AD127 -> 0 | AF127: =IF(AB127>=P127-12,P127-AB127,12) -> 0 | AG127: =+AB127+AF127 -> 48 | AH127: =+AF127*U127 -> 0 | AI127: =AD127+AH127 -> 6200000 | AJ127: =N127-AI127 -> 0 | AK127: =IF(AG127>=P127-12,P127-AG127,12) -> 0 | AL127: =+AG127+AK127 -> 48 | AM127: =+AK127*U127 -> 0 | AN127: =AI127+AM127 -> 6200000 | AO127: =N127-AN127 -> 0 | AP127: =IF(AL127>=P127-12,P127-AL127,12) -> 0 | AQ127: =+AL127+AP127 -> 48 | AR127: =+AP127*Z127 -> 0 | AS127: =AN127+AR127 -> 6200000 | AT127: =N127-AS127 -> 0 | AV127: =SUM(AW127:BH127) -> 0 | AW127: =+U127*0 -> 0 | AX127: =+U127*0 -> 0 | AY127: =+U127*0 -> 0 | AZ127: =+U127*0 -> 0 | BA127: =+U127*0 -> 0 | BB127: =+U127*0 -> 0 | BC127: =+U127*0 -> 0 | BD127: =+U127*0 -> 0 | BE127: =+U127*0 -> 0 | BF127: =+U127*0 -> 0 | BG127: =+U127*0 -> 0 | BH127: =+U127*0 -> 0
C128: 43503 | D128: PC 69/02/19 | E128: Roller Blind | G128: 0.25 | N128: 855400 | O128: =100%/G128 -> 4 | P128: =O128*12 -> 48 | Q128: =MONTH(C128) -> 2 | R128: =YEAR(C128) -> 2019 | S128: =IF(Q128=1, 12, Q128-1) -> 1 | T128: =IF(Q128=1,R128+O128-1,R128+O128) -> 2023 | U128: =N128/P128 -> 17820.833 | V128: 12 | W128: 47 | X128: =+V128*U128 -> 213850 | Y128: 837579.17 | Z128: =N128-Y128 -> 17820.833 | AA128: =IF(W128>=P128-12,P128-W128,12) -> 1 | AB128: =+W128+AA128 -> 48 | AC128: =+AA128*U128 -> 17820.833 | AD128: =Y128+AC128 -> 855400 | AE128: =N128-AD128 -> 0 | AF128: =IF(AB128>=P128-12,P128-AB128,12) -> 0 | AG128: =+AB128+AF128 -> 48 | AH128: =+AF128*U128 -> 0 | AI128: =AD128+AH128 -> 855400 | AJ128: =N128-AI128 -> 0 | AK128: =IF(AG128>=P128-12,P128-AG128,12) -> 0 | AL128: =+AG128+AK128 -> 48 | AM128: =+AK128*U128 -> 0 | AN128: =AI128+AM128 -> 855400 | AO128: =N128-AN128 -> 0 | AP128: =IF(AL128>=P128-12,P128-AL128,12) -> 0 | AQ128: =+AL128+AP128 -> 48 | AR128: =+AP128*Z128 -> 0 | AS128: =AN128+AR128 -> 855400 | AT128: =N128-AS128 -> 0 | AV128: =SUM(AW128:BH128) -> 0 | AW128: =+U128*0 -> 0 | AX128: =+U128*0 -> 0 | AY128: =+U128*0 -> 0 | AZ128: =+U128*0 -> 0 | BA128: =+U128*0 -> 0 | BB128: =+U128*0 -> 0 | BC128: =+U128*0 -> 0 | BD128: =+U128*0 -> 0 | BE128: =+U128*0 -> 0 | BF128: =+U128*0 -> 0 | BG128: =+U128*0 -> 0 | BH128: =+U128*0 -> 0
C129: 43525 | D129: T 04/03/19 | E129: 1 Unit AC - Panasonic 2 PK | G129: 0.25 | N129: 5440000 | O129: =100%/G129 -> 4 | P129: =O129*12 -> 48 | Q129: =MONTH(C129) -> 3 | R129: =YEAR(C129) -> 2019 | S129: =IF(Q129=1, 12, Q129-1) -> 2 | T129: =IF(Q129=1,R129+O129-1,R129+O129) -> 2023 | U129: =N129/P129 -> 113333.33 | V129: 12 | W129: 46 | X129: =+V129*U129 -> 1360000 | Y129: 5213333.3 | Z129: =N129-Y129 -> 226666.67 | AA129: =IF(W129>=P129-12,P129-W129,12) -> 2 | AB129: =+W129+AA129 -> 48 | AC129: =+AA129*U129 -> 226666.67 | AD129: =Y129+AC129 -> 5440000 | AE129: =N129-AD129 -> 0 | AF129: =IF(AB129>=P129-12,P129-AB129,12) -> 0 | AG129: =+AB129+AF129 -> 48 | AH129: =+AF129*U129 -> 0 | AI129: =AD129+AH129 -> 5440000 | AJ129: =N129-AI129 -> 0 | AK129: =IF(AG129>=P129-12,P129-AG129,12) -> 0 | AL129: =+AG129+AK129 -> 48 | AM129: =+AK129*U129 -> 0 | AN129: =AI129+AM129 -> 5440000 | AO129: =N129-AN129 -> 0 | AP129: =IF(AL129>=P129-12,P129-AL129,12) -> 0 | AQ129: =+AL129+AP129 -> 48 | AR129: =+AP129*Z129 -> 0 | AS129: =AN129+AR129 -> 5440000 | AT129: =N129-AS129 -> 0 | AV129: =SUM(AW129:BH129) -> 0 | AW129: =+U129*0 -> 0 | AX129: =+U129*0 -> 0 | AY129: =+U129*0 -> 0 | AZ129: =+U129*0 -> 0 | BA129: =+U129*0 -> 0 | BB129: =+U129*0 -> 0 | BC129: =+U129*0 -> 0 | BD129: =+U129*0 -> 0 | BE129: =+U129*0 -> 0 | BF129: =+U129*0 -> 0 | BG129: =+U129*0 -> 0 | BH129: =+U129*0 -> 0
C130: 43626 | D130: PC 21/06/19 | E130: 2 Unit Printer HP Deskjet 2677 | G130: 0.25 | N130: 2258000 | O130: =100%/G130 -> 4 | P130: =O130*12 -> 48 | Q130: =MONTH(C130) -> 6 | R130: =YEAR(C130) -> 2019 | S130: =IF(Q130=1, 12, Q130-1) -> 5 | T130: =IF(Q130=1,R130+O130-1,R130+O130) -> 2023 | U130: =N130/P130 -> 47041.667 | V130: 12 | W130: 43 | X130: =+V130*U130 -> 564500 | Y130: 2022791.7 | Z130: =N130-Y130 -> 235208.33 | AA130: =IF(W130>=P130-12,P130-W130,12) -> 5 | AB130: =+W130+AA130 -> 48 | AC130: =+AA130*U130 -> 235208.33 | AD130: =Y130+AC130 -> 2258000 | AE130: =N130-AD130 -> 0 | AF130: =IF(AB130>=P130-12,P130-AB130,12) -> 0 | AG130: =+AB130+AF130 -> 48 | AH130: =+AF130*U130 -> 0 | AI130: =AD130+AH130 -> 2258000 | AJ130: =N130-AI130 -> 0 | AK130: =IF(AG130>=P130-12,P130-AG130,12) -> 0 | AL130: =+AG130+AK130 -> 48 | AM130: =+AK130*U130 -> 0 | AN130: =AI130+AM130 -> 2258000 | AO130: =N130-AN130 -> 0 | AP130: =IF(AL130>=P130-12,P130-AL130,12) -> 0 | AQ130: =+AL130+AP130 -> 48 | AR130: =+AP130*Z130 -> 0 | AS130: =AN130+AR130 -> 2258000 | AT130: =N130-AS130 -> 0 | AV130: =SUM(AW130:BH130) -> 0 | AW130: =+U130*0 -> 0 | AX130: =+U130*0 -> 0 | AY130: =+U130*0 -> 0 | AZ130: =+U130*0 -> 0 | BA130: =+U130*0 -> 0 | BB130: =+U130*0 -> 0 | BC130: =+U130*0 -> 0 | BD130: =+U130*0 -> 0 | BE130: =+U130*0 -> 0 | BF130: =+U130*0 -> 0 | BG130: =+U130*0 -> 0 | BH130: =+U130*0 -> 0
C131: 43650 | D131: PC 71/07/19 | E131: 1 Unit Dispenser Sanken | G131: 0.25 | N131: 701000 | O131: =100%/G131 -> 4 | P131: =O131*12 -> 48 | Q131: =MONTH(C131) -> 7 | R131: =YEAR(C131) -> 2019 | S131: =IF(Q131=1, 12, Q131-1) -> 6 | T131: =IF(Q131=1,R131+O131-1,R131+O131) -> 2023 | U131: =N131/P131 -> 14604.167 | V131: 12 | W131: 42 | X131: =+V131*U131 -> 175250 | Y131: 613375 | Z131: =N131-Y131 -> 87625 | AA131: =IF(W131>=P131-12,P131-W131,12) -> 6 | AB131: =+W131+AA131 -> 48 | AC131: =+AA131*U131 -> 87625 | AD131: =Y131+AC131 -> 701000 | AE131: =N131-AD131 -> 0 | AF131: =IF(AB131>=P131-12,P131-AB131,12) -> 0 | AG131: =+AB131+AF131 -> 48 | AH131: =+AF131*U131 -> 0 | AI131: =AD131+AH131 -> 701000 | AJ131: =N131-AI131 -> 0 | AK131: =IF(AG131>=P131-12,P131-AG131,12) -> 0 | AL131: =+AG131+AK131 -> 48 | AM131: =+AK131*U131 -> 0 | AN131: =AI131+AM131 -> 701000 | AO131: =N131-AN131 -> 0 | AP131: =IF(AL131>=P131-12,P131-AL131,12) -> 0 | AQ131: =+AL131+AP131 -> 48 | AR131: =+AP131*Z131 -> 0 | AS131: =AN131+AR131 -> 701000 | AT131: =N131-AS131 -> 0 | AV131: =SUM(AW131:BH131) -> 0 | AW131: =+U131*0 -> 0 | AX131: =+U131*0 -> 0 | AY131: =+U131*0 -> 0 | AZ131: =+U131*0 -> 0 | BA131: =+U131*0 -> 0 | BB131: =+U131*0 -> 0 | BC131: =+U131*0 -> 0 | BD131: =+U131*0 -> 0 | BE131: =+U131*0 -> 0 | BF131: =+U131*0 -> 0 | BG131: =+U131*0 -> 0 | BH131: =+U131*0 -> 0
C132: 43762 | D132: T 96/10/19 | E132: 1 Unit AC - Daikin 2 PK | G132: 0.25 | N132: 6200000 | O132: =100%/G132 -> 4 | P132: =O132*12 -> 48 | Q132: =MONTH(C132) -> 10 | R132: =YEAR(C132) -> 2019 | S132: =IF(Q132=1, 12, Q132-1) -> 9 | T132: =IF(Q132=1,R132+O132-1,R132+O132) -> 2023 | U132: =N132/P132 -> 129166.67 | V132: 12 | W132: 39 | X132: =+V132*U132 -> 1550000 | Y132: 5037500 | Z132: =N132-Y132 -> 1162500 | AA132: =IF(W132>=P132-12,P132-W132,12) -> 9 | AB132: =+W132+AA132 -> 48 | AC132: =+AA132*U132 -> 1162500 | AD132: =Y132+AC132 -> 6200000 | AE132: =N132-AD132 -> 0 | AF132: =IF(AB132>=P132-12,P132-AB132,12) -> 0 | AG132: =+AB132+AF132 -> 48 | AH132: =+AF132*U132 -> 0 | AI132: =AD132+AH132 -> 6200000 | AJ132: =N132-AI132 -> 0 | AK132: =IF(AG132>=P132-12,P132-AG132,12) -> 0 | AL132: =+AG132+AK132 -> 48 | AM132: =+AK132*U132 -> 0 | AN132: =AI132+AM132 -> 6200000 | AO132: =N132-AN132 -> 0 | AP132: =IF(AL132>=P132-12,P132-AL132,12) -> 0 | AQ132: =+AL132+AP132 -> 48 | AR132: =+AP132*Z132 -> 0 | AS132: =AN132+AR132 -> 6200000 | AT132: =N132-AS132 -> 0 | AV132: =SUM(AW132:BH132) -> 0 | AW132: =+U132*0 -> 0 | AX132: =+U132*0 -> 0 | AY132: =+U132*0 -> 0 | AZ132: =+U132*0 -> 0 | BA132: =+U132*0 -> 0 | BB132: =+U132*0 -> 0 | BC132: =+U132*0 -> 0 | BD132: =+U132*0 -> 0 | BE132: =+U132*0 -> 0 | BF132: =+U132*0 -> 0 | BG132: =+U132*0 -> 0 | BH132: =+U132*0 -> 0
C134: 43980 | D134: T 83/05/20 | E134: CCTV | G134: 0.25 | N134: 27045200 | O134: =100%/G134 -> 4 | P134: =O134*12 -> 48 | Q134: =MONTH(C134) -> 5 | R134: =YEAR(C134) -> 2020 | S134: =IF(Q134=1, 12, Q134-1) -> 4 | T134: =IF(Q134=1,R134+O134-1,R134+O134) -> 2024 | U134: =N134/P134 -> 563441.67 | V134: 12 | W134: 32 | X134: =+V134*U134 -> 6761300 | Y134: 18030133 | Z134: =N134-Y134 -> 9015066.7 | AA134: =IF(W134>=P134-12,P134-W134,12) -> 12 | AB134: =+W134+AA134 -> 44 | AC134: =+AA134*U134 -> 6761300 | AD134: =Y134+AC134 -> 24791433 | AE134: =N134-AD134 -> 2253766.7 | AF134: =IF(AB134>=P134-12,P134-AB134,12) -> 4 | AG134: =+AB134+AF134 -> 48 | AH134: =+AF134*U134 -> 2253766.7 | AI134: =AD134+AH134 -> 27045200 | AJ134: =N134-AI134 -> 0 | AK134: =IF(AG134>=P134-12,P134-AG134,12) -> 0 | AL134: =+AG134+AK134 -> 48 | AM134: =+AK134*U134 -> 0 | AN134: =AI134+AM134 -> 27045200 | AO134: =N134-AN134 -> 0 | AP134: =IF(AL134>=P134-12,P134-AL134,12) -> 0 | AQ134: =+AL134+AP134 -> 48 | AR134: =+AP134*Z134 -> 0 | AS134: =AN134+AR134 -> 27045200 | AT134: =N134-AS134 -> 0 | AV134: =SUM(AW134:BH134) -> 0 | AW134: =+U134*0 -> 0 | AX134: =+U134*0 -> 0 | AY134: =+U134*0 -> 0 | AZ134: =+U134*0 -> 0 | BA134: =+U134*0 -> 0 | BB134: =+U134*0 -> 0 | BC134: =+U134*0 -> 0 | BD134: =+U134*0 -> 0 | BE134: =+U134*0 -> 0 | BF134: =+U134*0 -> 0 | BG134: =+U134*0 -> 0 | BH134: =+U134*0 -> 0
C135: 43980 | D135: T 85/05/20 | E135: HD Weatherproff, Adaptor, Kabel Dll. | G135: 0.25 | N135: 4706000 | O135: =100%/G135 -> 4 | P135: =O135*12 -> 48 | Q135: =MONTH(C135) -> 5 | R135: =YEAR(C135) -> 2020 | S135: =IF(Q135=1, 12, Q135-1) -> 4 | T135: =IF(Q135=1,R135+O135-1,R135+O135) -> 2024 | U135: =N135/P135 -> 98041.667 | V135: 12 | W135: 32 | X135: =+V135*U135 -> 1176500 | Y135: 3137333.3 | Z135: =N135-Y135 -> 1568666.7 | AA135: =IF(W135>=P135-12,P135-W135,12) -> 12 | AB135: =+W135+AA135 -> 44 | AC135: =+AA135*U135 -> 1176500 | AD135: =Y135+AC135 -> 4313833.3 | AE135: =N135-AD135 -> 392166.67 | AF135: =IF(AB135>=P135-12,P135-AB135,12) -> 4 | AG135: =+AB135+AF135 -> 48 | AH135: =+AF135*U135 -> 392166.67 | AI135: =AD135+AH135 -> 4706000 | AJ135: =N135-AI135 -> 0 | AK135: =IF(AG135>=P135-12,P135-AG135,12) -> 0 | AL135: =+AG135+AK135 -> 48 | AM135: =+AK135*U135 -> 0 | AN135: =AI135+AM135 -> 4706000 | AO135: =N135-AN135 -> 0 | AP135: =IF(AL135>=P135-12,P135-AL135,12) -> 0 | AQ135: =+AL135+AP135 -> 48 | AR135: =+AP135*Z135 -> 0 | AS135: =AN135+AR135 -> 4706000 | AT135: =N135-AS135 -> 0 | AV135: =SUM(AW135:BH135) -> 0 | AW135: =+U135*0 -> 0 | AX135: =+U135*0 -> 0 | AY135: =+U135*0 -> 0 | AZ135: =+U135*0 -> 0 | BA135: =+U135*0 -> 0 | BB135: =+U135*0 -> 0 | BC135: =+U135*0 -> 0 | BD135: =+U135*0 -> 0 | BE135: =+U135*0 -> 0 | BF135: =+U135*0 -> 0 | BG135: =+U135*0 -> 0 | BH135: =+U135*0 -> 0
C136: 43992 | D136: PC 67/06/20 | E136: 1 Unit Mesin Absensi | G136: 0.25 | N136: 3900000 | O136: =100%/G136 -> 4 | P136: =O136*12 -> 48 | Q136: =MONTH(C136) -> 6 | R136: =YEAR(C136) -> 2020 | S136: =IF(Q136=1, 12, Q136-1) -> 5 | T136: =IF(Q136=1,R136+O136-1,R136+O136) -> 2024 | U136: =N136/P136 -> 81250 | V136: 12 | W136: 31 | X136: =+V136*U136 -> 975000 | Y136: 2518750 | Z136: =N136-Y136 -> 1381250 | AA136: =IF(W136>=P136-12,P136-W136,12) -> 12 | AB136: =+W136+AA136 -> 43 | AC136: =+AA136*U136 -> 975000 | AD136: =Y136+AC136 -> 3493750 | AE136: =N136-AD136 -> 406250 | AF136: =IF(AB136>=P136-12,P136-AB136,12) -> 5 | AG136: =+AB136+AF136 -> 48 | AH136: =+AF136*U136 -> 406250 | AI136: =AD136+AH136 -> 3900000 | AJ136: =N136-AI136 -> 0 | AK136: =IF(AG136>=P136-12,P136-AG136,12) -> 0 | AL136: =+AG136+AK136 -> 48 | AM136: =+AK136*U136 -> 0 | AN136: =AI136+AM136 -> 3900000 | AO136: =N136-AN136 -> 0 | AP136: =IF(AL136>=P136-12,P136-AL136,12) -> 0 | AQ136: =+AL136+AP136 -> 48 | AR136: =+AP136*Z136 -> 0 | AS136: =AN136+AR136 -> 3900000 | AT136: =N136-AS136 -> 0 | AV136: =SUM(AW136:BH136) -> 0 | AW136: =+U136*0 -> 0 | AX136: =+U136*0 -> 0 | AY136: =+U136*0 -> 0 | AZ136: =+U136*0 -> 0 | BA136: =+U136*0 -> 0 | BB136: =+U136*0 -> 0 | BC136: =+U136*0 -> 0 | BD136: =+U136*0 -> 0 | BE136: =+U136*0 -> 0 | BF136: =+U136*0 -> 0 | BG136: =+U136*0 -> 0 | BH136: =+U136*0 -> 0
C137: 43993 | D137: PC 77/06/20 | E137: 1 Unit Kulkas | G137: 0.25 | N137: 1200000 | O137: =100%/G137 -> 4 | P137: =O137*12 -> 48 | Q137: =MONTH(C137) -> 6 | R137: =YEAR(C137) -> 2020 | S137: =IF(Q137=1, 12, Q137-1) -> 5 | T137: =IF(Q137=1,R137+O137-1,R137+O137) -> 2024 | U137: =N137/P137 -> 25000 | V137: 12 | W137: 31 | X137: =+V137*U137 -> 300000 | Y137: 775000 | Z137: =N137-Y137 -> 425000 | AA137: =IF(W137>=P137-12,P137-W137,12) -> 12 | AB137: =+W137+AA137 -> 43 | AC137: =+AA137*U137 -> 300000 | AD137: =Y137+AC137 -> 1075000 | AE137: =N137-AD137 -> 125000 | AF137: =IF(AB137>=P137-12,P137-AB137,12) -> 5 | AG137: =+AB137+AF137 -> 48 | AH137: =+AF137*U137 -> 125000 | AI137: =AD137+AH137 -> 1200000 | AJ137: =N137-AI137 -> 0 | AK137: =IF(AG137>=P137-12,P137-AG137,12) -> 0 | AL137: =+AG137+AK137 -> 48 | AM137: =+AK137*U137 -> 0 | AN137: =AI137+AM137 -> 1200000 | AO137: =N137-AN137 -> 0 | AP137: =IF(AL137>=P137-12,P137-AL137,12) -> 0 | AQ137: =+AL137+AP137 -> 48 | AR137: =+AP137*Z137 -> 0 | AS137: =AN137+AR137 -> 1200000 | AT137: =N137-AS137 -> 0 | AV137: =SUM(AW137:BH137) -> 0 | AW137: =+U137*0 -> 0 | AX137: =+U137*0 -> 0 | AY137: =+U137*0 -> 0 | AZ137: =+U137*0 -> 0 | BA137: =+U137*0 -> 0 | BB137: =+U137*0 -> 0 | BC137: =+U137*0 -> 0 | BD137: =+U137*0 -> 0 | BE137: =+U137*0 -> 0 | BF137: =+U137*0 -> 0 | BG137: =+U137*0 -> 0 | BH137: =+U137*0 -> 0
C138: 44002 | D138: PC 153/06/20 | E138: 1 Unit Telephone KX-505 | G138: 0.25 | N138: 235000 | O138: =100%/G138 -> 4 | P138: =O138*12 -> 48 | Q138: =MONTH(C138) -> 6 | R138: =YEAR(C138) -> 2020 | S138: =IF(Q138=1, 12, Q138-1) -> 5 | T138: =IF(Q138=1,R138+O138-1,R138+O138) -> 2024 | U138: =N138/P138 -> 4895.8333 | V138: 12 | W138: 31 | X138: =+V138*U138 -> 58750 | Y138: 151770.83 | Z138: =N138-Y138 -> 83229.167 | AA138: =IF(W138>=P138-12,P138-W138,12) -> 12 | AB138: =+W138+AA138 -> 43 | AC138: =+AA138*U138 -> 58750 | AD138: =Y138+AC138 -> 210520.83 | AE138: =N138-AD138 -> 24479.167 | AF138: =IF(AB138>=P138-12,P138-AB138,12) -> 5 | AG138: =+AB138+AF138 -> 48 | AH138: =+AF138*U138 -> 24479.167 | AI138: =AD138+AH138 -> 235000 | AJ138: =N138-AI138 -> 0 | AK138: =IF(AG138>=P138-12,P138-AG138,12) -> 0 | AL138: =+AG138+AK138 -> 48 | AM138: =+AK138*U138 -> 0 | AN138: =AI138+AM138 -> 235000 | AO138: =N138-AN138 -> 0 | AP138: =IF(AL138>=P138-12,P138-AL138,12) -> 0 | AQ138: =+AL138+AP138 -> 48 | AR138: =+AP138*Z138 -> 0 | AS138: =AN138+AR138 -> 235000 | AT138: =N138-AS138 -> 0 | AV138: =SUM(AW138:BH138) -> 0 | AW138: =+U138*0 -> 0 | AX138: =+U138*0 -> 0 | AY138: =+U138*0 -> 0 | AZ138: =+U138*0 -> 0 | BA138: =+U138*0 -> 0 | BB138: =+U138*0 -> 0 | BC138: =+U138*0 -> 0 | BD138: =+U138*0 -> 0 | BE138: =+U138*0 -> 0 | BF138: =+U138*0 -> 0 | BG138: =+U138*0 -> 0 | BH138: =+U138*0 -> 0
C139: 44035 | D139: PC 175/07/20 | E139: 1 Unit Kipas Angin Miyako | G139: 0.25 | N139: 280000 | O139: =100%/G139 -> 4 | P139: =O139*12 -> 48 | Q139: =MONTH(C139) -> 7 | R139: =YEAR(C139) -> 2020 | S139: =IF(Q139=1, 12, Q139-1) -> 6 | T139: =IF(Q139=1,R139+O139-1,R139+O139) -> 2024 | U139: =N139/P139 -> 5833.3333 | V139: 12 | W139: 30 | X139: =+V139*U139 -> 70000 | Y139: 175000 | Z139: =N139-Y139 -> 105000 | AA139: =IF(W139>=P139-12,P139-W139,12) -> 12 | AB139: =+W139+AA139 -> 42 | AC139: =+AA139*U139 -> 70000 | AD139: =Y139+AC139 -> 245000 | AE139: =N139-AD139 -> 35000 | AF139: =IF(AB139>=P139-12,P139-AB139,12) -> 6 | AG139: =+AB139+AF139 -> 48 | AH139: =+AF139*U139 -> 35000 | AI139: =AD139+AH139 -> 280000 | AJ139: =N139-AI139 -> 0 | AK139: =IF(AG139>=P139-12,P139-AG139,12) -> 0 | AL139: =+AG139+AK139 -> 48 | AM139: =+AK139*U139 -> 0 | AN139: =AI139+AM139 -> 280000 | AO139: =N139-AN139 -> 0 | AP139: =IF(AL139>=P139-12,P139-AL139,12) -> 0 | AQ139: =+AL139+AP139 -> 48 | AR139: =+AP139*Z139 -> 0 | AS139: =AN139+AR139 -> 280000 | AT139: =N139-AS139 -> 0 | AV139: =SUM(AW139:BH139) -> 0 | AW139: =+U139*0 -> 0 | AX139: =+U139*0 -> 0 | AY139: =+U139*0 -> 0 | AZ139: =+U139*0 -> 0 | BA139: =+U139*0 -> 0 | BB139: =+U139*0 -> 0 | BC139: =+U139*0 -> 0 | BD139: =+U139*0 -> 0 | BE139: =+U139*0 -> 0 | BF139: =+U139*0 -> 0 | BG139: =+U139*0 -> 0 | BH139: =+U139*0 -> 0
C140: 44040 | D140: PC 201/07/20 | E140: 1 Unit Oven Microwave | G140: 0.25 | N140: 1225900 | O140: =100%/G140 -> 4 | P140: =O140*12 -> 48 | Q140: =MONTH(C140) -> 7 | R140: =YEAR(C140) -> 2020 | S140: =IF(Q140=1, 12, Q140-1) -> 6 | T140: =IF(Q140=1,R140+O140-1,R140+O140) -> 2024 | U140: =N140/P140 -> 25539.583 | V140: 12 | W140: 30 | X140: =+V140*U140 -> 306475 | Y140: 766187.5 | Z140: =N140-Y140 -> 459712.5 | AA140: =IF(W140>=P140-12,P140-W140,12) -> 12 | AB140: =+W140+AA140 -> 42 | AC140: =+AA140*U140 -> 306475 | AD140: =Y140+AC140 -> 1072662.5 | AE140: =N140-AD140 -> 153237.5 | AF140: =IF(AB140>=P140-12,P140-AB140,12) -> 6 | AG140: =+AB140+AF140 -> 48 | AH140: =+AF140*U140 -> 153237.5 | AI140: =AD140+AH140 -> 1225900 | AJ140: =N140-AI140 -> 0 | AK140: =IF(AG140>=P140-12,P140-AG140,12) -> 0 | AL140: =+AG140+AK140 -> 48 | AM140: =+AK140*U140 -> 0 | AN140: =AI140+AM140 -> 1225900 | AO140: =N140-AN140 -> 0 | AP140: =IF(AL140>=P140-12,P140-AL140,12) -> 0 | AQ140: =+AL140+AP140 -> 48 | AR140: =+AP140*Z140 -> 0 | AS140: =AN140+AR140 -> 1225900 | AT140: =N140-AS140 -> 0 | AV140: =SUM(AW140:BH140) -> 0 | AW140: =+U140*0 -> 0 | AX140: =+U140*0 -> 0 | AY140: =+U140*0 -> 0 | AZ140: =+U140*0 -> 0 | BA140: =+U140*0 -> 0 | BB140: =+U140*0 -> 0 | BC140: =+U140*0 -> 0 | BD140: =+U140*0 -> 0 | BE140: =+U140*0 -> 0 | BF140: =+U140*0 -> 0 | BG140: =+U140*0 -> 0 | BH140: =+U140*0 -> 0
N142: =SUM(N12:N141) -> 521898127 | U142: =SUM(U12:U141) -> 10872878 | X142: =SUM(X12:X141) -> 15061625 | Y142: =SUM(Y12:Y141) -> 5.0713038e+08 | Z142: =SUM(Z12:Z141) -> 14767746 | AC142: =SUM(AC12:AC141) -> 11377846 | AD142: =SUM(AD12:AD141) -> 5.1850823e+08 | AE142: =SUM(AE12:AE141) -> 3389900 | AH142: =SUM(AH12:AH141) -> 3389900 | AI142: =SUM(AI12:AI141) -> 521898127 | AJ142: =SUM(AJ12:AJ141) -> 0 | AM142: =SUM(AM12:AM141) -> 0 | AN142: =SUM(AN12:AN141) -> 521898127 | AO142: =SUM(AO12:AO141) -> 0 | AR142: =SUM(AR12:AR141) -> 0 | AS142: =SUM(AS12:AS141) -> 521898127 | AT142: =SUM(AT12:AT141) -> 0 | AV142: =SUM(AV12:AV141) -> 0 | AW142: =SUM(AW12:AW141) -> 0 | AX142: =SUM(AX12:AX141) -> 0 | AY142: =SUM(AY12:AY141) -> 0 | AZ142: =SUM(AZ12:AZ141) -> 0 | BA142: =SUM(BA12:BA141) -> 0 | BB142: =SUM(BB12:BB141) -> 0 | BC142: =SUM(BC12:BC141) -> 0 | ... BH142: =SUM(BH12:BH141) -> 0
C144: 44244 | D144: 21022004P067 | E144: 1 | F144: Unit LAPTOP - VIVO BOOK + Antivirus | G144: 0.25 | N144: 13300000 | O144: =100%/G144 -> 4 | P144: =O144*12 -> 48 | Q144: =MONTH(C144) -> 2 | R144: =YEAR(C144) -> 2021 | S144: =IF(Q144=1, 12, Q144-1) -> 1 | T144: =IF(Q144=1,R144+O144-1,R144+O144) -> 2025 | U144: =N144/P144 -> 277083.33 | V144: 12 | W144: 23 | X144: =+V144*U144 -> 3325000 | Y144: 6372916.7 | Z144: =N144-Y144 -> 6927083.3 | AA144: =IF(W144>=P144-12,P144-W144,12) -> 12 | AB144: =+W144+AA144 -> 35 | AC144: =+AA144*U144 -> 3325000 | AD144: =Y144+AC144 -> 9697916.7 | AE144: =N144-AD144 -> 3602083.3 | AF144: =IF(AB144>=P144-12,P144-AB144,12) -> 12 | AG144: =+AB144+AF144 -> 47 | AH144: =+AF144*U144 -> 3325000 | AI144: =AD144+AH144 -> 13022917 | AJ144: =N144-AI144 -> 277083.33 | AK144: =IF(AG144>=P144-12,P144-AG144,12) -> 1 | AL144: =+AG144+AK144 -> 48 | AM144: =+AK144*U144 -> 277083.33 | AN144: =AI144+AM144 -> 13300000 | AO144: =N144-AN144 -> 0 | AP144: =IF(AL144>=P144-12,P144-AL144,12) -> 0 | AQ144: =+AL144+AP144 -> 48 | AR144: =+AP144*Z144 -> 0 | AS144: =AN144+AR144 -> 13300000 | AT144: =N144-AS144 -> 0 | AV144: =SUM(AW144:BH144) -> 0 | AW144: =+U144*0 -> 0 | AX144: =+U144*0 -> 0 | AY144: =+U144*0 -> 0 | AZ144: =+U144*0 -> 0 | BA144: =+U144*0 -> 0 | BB144: =+U144*0 -> 0 | BC144: =+U144*0 -> 0 | BD144: =+U144*0 -> 0 | BE144: =+U144*0 -> 0 | BF144: =+U144*0 -> 0 | BG144: =+U144*0 -> 0 | BH144: =+U144*0 -> 0
C145: 44251 | D145: GJ21020001 | E145: 1 | F145: Unit Printer | G145: 0.25 | N145: 1996000 | O145: =100%/G145 -> 4 | P145: =O145*12 -> 48 | Q145: =MONTH(C145) -> 2 | R145: =YEAR(C145) -> 2021 | S145: =IF(Q145=1, 12, Q145-1) -> 1 | T145: =IF(Q145=1,R145+O145-1,R145+O145) -> 2025 | U145: =N145/P145 -> 41583.333 | V145: 12 | W145: 23 | X145: =+V145*U145 -> 499000 | Y145: 956416.67 | Z145: =N145-Y145 -> 1039583.3 | AA145: =IF(W145>=P145-12,P145-W145,12) -> 12 | AB145: =+W145+AA145 -> 35 | AC145: =+AA145*U145 -> 499000 | AD145: =Y145+AC145 -> 1455416.7 | AE145: =N145-AD145 -> 540583.33 | AF145: =IF(AB145>=P145-12,P145-AB145,12) -> 12 | AG145: =+AB145+AF145 -> 47 | AH145: =+AF145*U145 -> 499000 | AI145: =AD145+AH145 -> 1954416.7 | AJ145: =N145-AI145 -> 41583.333 | AK145: =IF(AG145>=P145-12,P145-AG145,12) -> 1 | AL145: =+AG145+AK145 -> 48 | AM145: =+AK145*U145 -> 41583.333 | AN145: =AI145+AM145 -> 1996000 | AO145: =N145-AN145 -> 0 | AP145: =IF(AL145>=P145-12,P145-AL145,12) -> 0 | AQ145: =+AL145+AP145 -> 48 | AR145: =+AP145*Z145 -> 0 | AS145: =AN145+AR145 -> 1996000 | AT145: =N145-AS145 -> 0 | AV145: =SUM(AW145:BH145) -> 0 | AW145: =+U145*0 -> 0 | AX145: =+U145*0 -> 0 | AY145: =+U145*0 -> 0 | AZ145: =+U145*0 -> 0 | BA145: =+U145*0 -> 0 | BB145: =+U145*0 -> 0 | BC145: =+U145*0 -> 0 | BD145: =+U145*0 -> 0 | BE145: =+U145*0 -> 0 | BF145: =+U145*0 -> 0 | BG145: =+U145*0 -> 0 | BH145: =+U145*0 -> 0
C146: 44285 | D146: 21031003P211 | E146: 1 | F146: Unit UPS GPOWER GP200 800VA | G146: 0.25 | N146: 625000 | O146: =100%/G146 -> 4 | P146: =O146*12 -> 48 | Q146: =MONTH(C146) -> 3 | R146: =YEAR(C146) -> 2021 | S146: =IF(Q146=1, 12, Q146-1) -> 2 | T146: =IF(Q146=1,R146+O146-1,R146+O146) -> 2025 | U146: =N146/P146 -> 13020.833 | V146: 12 | W146: 22 | X146: =+V146*U146 -> 156250 | Y146: 286458.33 | Z146: =N146-Y146 -> 338541.67 | AA146: =IF(W146>=P146-12,P146-W146,12) -> 12 | AB146: =+W146+AA146 -> 34 | AC146: =+AA146*U146 -> 156250 | AD146: =Y146+AC146 -> 442708.33 | AE146: =N146-AD146 -> 182291.67 | AF146: =IF(AB146>=P146-12,P146-AB146,12) -> 12 | AG146: =+AB146+AF146 -> 46 | AH146: =+AF146*U146 -> 156250 | AI146: =AD146+AH146 -> 598958.33 | AJ146: =N146-AI146 -> 26041.667 | AK146: =IF(AG146>=P146-12,P146-AG146,12) -> 2 | AL146: =+AG146+AK146 -> 48 | AM146: =+AK146*U146 -> 26041.667 | AN146: =AI146+AM146 -> 625000 | AO146: =N146-AN146 -> 0 | AP146: =IF(AL146>=P146-12,P146-AL146,12) -> 0 | AQ146: =+AL146+AP146 -> 48 | AR146: =+AP146*Z146 -> 0 | AS146: =AN146+AR146 -> 625000 | AT146: =N146-AS146 -> 0 | AV146: =SUM(AW146:BH146) -> 0 | AW146: =+U146*0 -> 0 | AX146: =+U146*0 -> 0 | AY146: =+U146*0 -> 0 | AZ146: =+U146*0 -> 0 | BA146: =+U146*0 -> 0 | BB146: =+U146*0 -> 0 | BC146: =+U146*0 -> 0 | BD146: =+U146*0 -> 0 | BE146: =+U146*0 -> 0 | BF146: =+U146*0 -> 0 | BG146: =+U146*0 -> 0 | BH146: =+U146*0 -> 0
C147: 44326 | D147: 21051003P088 | E147: 1 | F147: Unit Dispenser | G147: 0.25 | N147: 1448000 | O147: =100%/G147 -> 4 | P147: =O147*12 -> 48 | Q147: =MONTH(C147) -> 5 | R147: =YEAR(C147) -> 2021 | S147: =IF(Q147=1, 12, Q147-1) -> 4 | T147: =IF(Q147=1,R147+O147-1,R147+O147) -> 2025 | U147: =N147/P147 -> 30166.667 | V147: 12 | W147: 20 | X147: =+V147*U147 -> 362000 | Y147: 603333.33 | Z147: =N147-Y147 -> 844666.67 | AA147: =IF(W147>=P147-12,P147-W147,12) -> 12 | AB147: =+W147+AA147 -> 32 | AC147: =+AA147*U147 -> 362000 | AD147: =Y147+AC147 -> 965333.33 | AE147: =N147-AD147 -> 482666.67 | AF147: =IF(AB147>=P147-12,P147-AB147,12) -> 12 | AG147: =+AB147+AF147 -> 44 | AH147: =+AF147*U147 -> 362000 | AI147: =AD147+AH147 -> 1327333.3 | AJ147: =N147-AI147 -> 120666.67 | AK147: =IF(AG147>=P147-12,P147-AG147,12) -> 4 | AL147: =+AG147+AK147 -> 48 | AM147: =+AK147*U147 -> 120666.67 | AN147: =AI147+AM147 -> 1448000 | AO147: =N147-AN147 -> 0 | AP147: =IF(AL147>=P147-12,P147-AL147,12) -> 0 | AQ147: =+AL147+AP147 -> 48 | AR147: =+AP147*Z147 -> 0 | AS147: =AN147+AR147 -> 1448000 | AT147: =N147-AS147 -> 0 | AV147: =SUM(AW147:BH147) -> 0 | AW147: =+U147*0 -> 0 | AX147: =+U147*0 -> 0 | AY147: =+U147*0 -> 0 | AZ147: =+U147*0 -> 0 | BA147: =+U147*0 -> 0 | BB147: =+U147*0 -> 0 | BC147: =+U147*0 -> 0 | BD147: =+U147*0 -> 0 | BE147: =+U147*0 -> 0 | BF147: =+U147*0 -> 0 | BG147: =+U147*0 -> 0 | BH147: =+U147*0 -> 0
C148: 44354 | D148: 21062004P017 | E148: 4 | F148: Unit Desktop ASUS | G148: 0.25 | N148: 24900000 | O148: =100%/G148 -> 4 | P148: =O148*12 -> 48 | Q148: =MONTH(C148) -> 6 | R148: =YEAR(C148) -> 2021 | S148: =IF(Q148=1, 12, Q148-1) -> 5 | T148: =IF(Q148=1,R148+O148-1,R148+O148) -> 2025 | U148: =N148/P148 -> 518750 | V148: 12 | W148: 19 | X148: =+V148*U148 -> 6225000 | Y148: 9856250 | Z148: =N148-Y148 -> 15043750 | AA148: =IF(W148>=P148-12,P148-W148,12) -> 12 | AB148: =+W148+AA148 -> 31 | AC148: =+AA148*U148 -> 6225000 | AD148: =Y148+AC148 -> 16081250 | AE148: =N148-AD148 -> 8818750 | AF148: =IF(AB148>=P148-12,P148-AB148,12) -> 12 | AG148: =+AB148+AF148 -> 43 | AH148: =+AF148*U148 -> 6225000 | AI148: =AD148+AH148 -> 22306250 | AJ148: =N148-AI148 -> 2593750 | AK148: =IF(AG148>=P148-12,P148-AG148,12) -> 5 | AL148: =+AG148+AK148 -> 48 | AM148: =+AK148*U148 -> 2593750 | AN148: =AI148+AM148 -> 24900000 | AO148: =N148-AN148 -> 0 | AP148: =IF(AL148>=P148-12,P148-AL148,12) -> 0 | AQ148: =+AL148+AP148 -> 48 | AR148: =+AP148*Z148 -> 0 | AS148: =AN148+AR148 -> 24900000 | AT148: =N148-AS148 -> 0 | AV148: =SUM(AW148:BH148) -> 0 | AW148: =+U148*0 -> 0 | AX148: =+U148*0 -> 0 | AY148: =+U148*0 -> 0 | AZ148: =+U148*0 -> 0 | BA148: =+U148*0 -> 0 | BB148: =+U148*0 -> 0 | BC148: =+U148*0 -> 0 | BD148: =+U148*0 -> 0 | BE148: =+U148*0 -> 0 | BF148: =+U148*0 -> 0 | BG148: =+U148*0 -> 0 | BH148: =+U148*0 -> 0
C149: 44354 | D149: 21062004P017 | E149: 2 | F149: Unit Printer EPSON L3110 | G149: 0.25 | N149: 4300000 | O149: =100%/G149 -> 4 | P149: =O149*12 -> 48 | Q149: =MONTH(C149) -> 6 | R149: =YEAR(C149) -> 2021 | S149: =IF(Q149=1, 12, Q149-1) -> 5 | T149: =IF(Q149=1,R149+O149-1,R149+O149) -> 2025 | U149: =N149/P149 -> 89583.333 | V149: 12 | W149: 19 | X149: =+V149*U149 -> 1075000 | Y149: 1702083.3 | Z149: =N149-Y149 -> 2597916.7 | AA149: =IF(W149>=P149-12,P149-W149,12) -> 12 | AB149: =+W149+AA149 -> 31 | AC149: =+AA149*U149 -> 1075000 | AD149: =Y149+AC149 -> 2777083.3 | AE149: =N149-AD149 -> 1522916.7 | AF149: =IF(AB149>=P149-12,P149-AB149,12) -> 12 | AG149: =+AB149+AF149 -> 43 | AH149: =+AF149*U149 -> 1075000 | AI149: =AD149+AH149 -> 3852083.3 | AJ149: =N149-AI149 -> 447916.67 | AK149: =IF(AG149>=P149-12,P149-AG149,12) -> 5 | AL149: =+AG149+AK149 -> 48 | AM149: =+AK149*U149 -> 447916.67 | AN149: =AI149+AM149 -> 4300000 | AO149: =N149-AN149 -> 0 | AP149: =IF(AL149>=P149-12,P149-AL149,12) -> 0 | AQ149: =+AL149+AP149 -> 48 | AR149: =+AP149*Z149 -> 0 | AS149: =AN149+AR149 -> 4300000 | AT149: =N149-AS149 -> 0 | AV149: =SUM(AW149:BH149) -> 0 | AW149: =+U149*0 -> 0 | AX149: =+U149*0 -> 0 | AY149: =+U149*0 -> 0 | AZ149: =+U149*0 -> 0 | BA149: =+U149*0 -> 0 | BB149: =+U149*0 -> 0 | BC149: =+U149*0 -> 0 | BD149: =+U149*0 -> 0 | BE149: =+U149*0 -> 0 | BF149: =+U149*0 -> 0 | BG149: =+U149*0 -> 0 | BH149: =+U149*0 -> 0
C150: 44354 | D150: 21062004P017 | E150: 1 | F150: Unit Printer EPSON L3150 | G150: 0.25 | N150: 3105000 | O150: =100%/G150 -> 4 | P150: =O150*12 -> 48 | Q150: =MONTH(C150) -> 6 | R150: =YEAR(C150) -> 2021 | S150: =IF(Q150=1, 12, Q150-1) -> 5 | T150: =IF(Q150=1,R150+O150-1,R150+O150) -> 2025 | U150: =N150/P150 -> 64687.5 | V150: 12 | W150: 19 | X150: =+V150*U150 -> 776250 | Y150: 1229062.5 | Z150: =N150-Y150 -> 1875937.5 | AA150: =IF(W150>=P150-12,P150-W150,12) -> 12 | AB150: =+W150+AA150 -> 31 | AC150: =+AA150*U150 -> 776250 | AD150: =Y150+AC150 -> 2005312.5 | AE150: =N150-AD150 -> 1099687.5 | AF150: =IF(AB150>=P150-12,P150-AB150,12) -> 12 | AG150: =+AB150+AF150 -> 43 | AH150: =+AF150*U150 -> 776250 | AI150: =AD150+AH150 -> 2781562.5 | AJ150: =N150-AI150 -> 323437.5 | AK150: =IF(AG150>=P150-12,P150-AG150,12) -> 5 | AL150: =+AG150+AK150 -> 48 | AM150: =+AK150*U150 -> 323437.5 | AN150: =AI150+AM150 -> 3105000 | AO150: =N150-AN150 -> 0 | AP150: =IF(AL150>=P150-12,P150-AL150,12) -> 0 | AQ150: =+AL150+AP150 -> 48 | AR150: =+AP150*Z150 -> 0 | AS150: =AN150+AR150 -> 3105000 | AT150: =N150-AS150 -> 0 | AV150: =SUM(AW150:BH150) -> 0 | AW150: =+U150*0 -> 0 | AX150: =+U150*0 -> 0 | AY150: =+U150*0 -> 0 | AZ150: =+U150*0 -> 0 | BA150: =+U150*0 -> 0 | BB150: =+U150*0 -> 0 | BC150: =+U150*0 -> 0 | BD150: =+U150*0 -> 0 | BE150: =+U150*0 -> 0 | BF150: =+U150*0 -> 0 | BG150: =+U150*0 -> 0 | BH150: =+U150*0 -> 0
C151: 44354 | D151: 21062004P017 | E151: 1 | F151: Unit PC AIO LENOVO | G151: 0.25 | N151: 9980000 | O151: =100%/G151 -> 4 | P151: =O151*12 -> 48 | Q151: =MONTH(C151) -> 6 | R151: =YEAR(C151) -> 2021 | S151: =IF(Q151=1, 12, Q151-1) -> 5 | T151: =IF(Q151=1,R151+O151-1,R151+O151) -> 2025 | U151: =N151/P151 -> 207916.67 | V151: 12 | W151: 19 | X151: =+V151*U151 -> 2495000 | Y151: 3950416.7 | Z151: =N151-Y151 -> 6029583.3 | AA151: =IF(W151>=P151-12,P151-W151,12) -> 12 | AB151: =+W151+AA151 -> 31 | AC151: =+AA151*U151 -> 2495000 | AD151: =Y151+AC151 -> 6445416.7 | AE151: =N151-AD151 -> 3534583.3 | AF151: =IF(AB151>=P151-12,P151-AB151,12) -> 12 | AG151: =+AB151+AF151 -> 43 | AH151: =+AF151*U151 -> 2495000 | AI151: =AD151+AH151 -> 8940416.7 | AJ151: =N151-AI151 -> 1039583.3 | AK151: =IF(AG151>=P151-12,P151-AG151,12) -> 5 | AL151: =+AG151+AK151 -> 48 | AM151: =+AK151*U151 -> 1039583.3 | AN151: =AI151+AM151 -> 9980000 | AO151: =N151-AN151 -> 0 | AP151: =IF(AL151>=P151-12,P151-AL151,12) -> 0 | AQ151: =+AL151+AP151 -> 48 | AR151: =+AP151*Z151 -> 0 | AS151: =AN151+AR151 -> 9980000 | AT151: =N151-AS151 -> 0 | AV151: =SUM(AW151:BH151) -> 0 | AW151: =+U151*0 -> 0 | AX151: =+U151*0 -> 0 | AY151: =+U151*0 -> 0 | AZ151: =+U151*0 -> 0 | BA151: =+U151*0 -> 0 | BB151: =+U151*0 -> 0 | BC151: =+U151*0 -> 0 | BD151: =+U151*0 -> 0 | BE151: =+U151*0 -> 0 | BF151: =+U151*0 -> 0 | BG151: =+U151*0 -> 0 | BH151: =+U151*0 -> 0
C152: 44354 | D152: 21062004P017 | E152: 3 | F152: Unit LAPTOP- LENOVO 141TL05 | G152: 0.25 | N152: 32550000 | O152: =100%/G152 -> 4 | P152: =O152*12 -> 48 | Q152: =MONTH(C152) -> 6 | R152: =YEAR(C152) -> 2021 | S152: =IF(Q152=1, 12, Q152-1) -> 5 | T152: =IF(Q152=1,R152+O152-1,R152+O152) -> 2025 | U152: =N152/P152 -> 678125 | V152: 12 | W152: 19 | X152: =+V152*U152 -> 8137500 | Y152: 12884375 | Z152: =N152-Y152 -> 19665625 | AA152: =IF(W152>=P152-12,P152-W152,12) -> 12 | AB152: =+W152+AA152 -> 31 | AC152: =+AA152*U152 -> 8137500 | AD152: =Y152+AC152 -> 21021875 | AE152: =N152-AD152 -> 11528125 | AF152: =IF(AB152>=P152-12,P152-AB152,12) -> 12 | AG152: =+AB152+AF152 -> 43 | AH152: =+AF152*U152 -> 8137500 | AI152: =AD152+AH152 -> 29159375 | AJ152: =N152-AI152 -> 3390625 | AK152: =IF(AG152>=P152-12,P152-AG152,12) -> 5 | AL152: =+AG152+AK152 -> 48 | AM152: =+AK152*U152 -> 3390625 | AN152: =AI152+AM152 -> 32550000 | AO152: =N152-AN152 -> 0 | AP152: =IF(AL152>=P152-12,P152-AL152,12) -> 0 | AQ152: =+AL152+AP152 -> 48 | AR152: =+AP152*Z152 -> 0 | AS152: =AN152+AR152 -> 32550000 | AT152: =N152-AS152 -> 0 | AV152: =SUM(AW152:BH152) -> 0 | AW152: =+U152*0 -> 0 | AX152: =+U152*0 -> 0 | AY152: =+U152*0 -> 0 | AZ152: =+U152*0 -> 0 | BA152: =+U152*0 -> 0 | BB152: =+U152*0 -> 0 | BC152: =+U152*0 -> 0 | BD152: =+U152*0 -> 0 | BE152: =+U152*0 -> 0 | BF152: =+U152*0 -> 0 | BG152: =+U152*0 -> 0 | BH152: =+U152*0 -> 0
C153: 44368 | D153: 21062004P079 | E153: 1 | F153: Unit LAPTOP- LENOVO Ideapad Slim | G153: 0.25 | N153: 11850000 | O153: =100%/G153 -> 4 | P153: =O153*12 -> 48 | Q153: =MONTH(C153) -> 6 | R153: =YEAR(C153) -> 2021 | S153: =IF(Q153=1, 12, Q153-1) -> 5 | T153: =IF(Q153=1,R153+O153-1,R153+O153) -> 2025 | U153: =N153/P153 -> 246875 | V153: 12 | W153: 19 | X153: =+V153*U153 -> 2962500 | Y153: 4690625 | Z153: =N153-Y153 -> 7159375 | AA153: =IF(W153>=P153-12,P153-W153,12) -> 12 | AB153: =+W153+AA153 -> 31 | AC153: =+AA153*U153 -> 2962500 | AD153: =Y153+AC153 -> 7653125 | AE153: =N153-AD153 -> 4196875 | AF153: =IF(AB153>=P153-12,P153-AB153,12) -> 12 | AG153: =+AB153+AF153 -> 43 | AH153: =+AF153*U153 -> 2962500 | AI153: =AD153+AH153 -> 10615625 | AJ153: =N153-AI153 -> 1234375 | AK153: =IF(AG153>=P153-12,P153-AG153,12) -> 5 | AL153: =+AG153+AK153 -> 48 | AM153: =+AK153*U153 -> 1234375 | AN153: =AI153+AM153 -> 11850000 | AO153: =N153-AN153 -> 0 | AP153: =IF(AL153>=P153-12,P153-AL153,12) -> 0 | AQ153: =+AL153+AP153 -> 48 | AR153: =+AP153*Z153 -> 0 | AS153: =AN153+AR153 -> 11850000 | AT153: =N153-AS153 -> 0 | AV153: =SUM(AW153:BH153) -> 0 | AW153: =+U153*0 -> 0 | AX153: =+U153*0 -> 0 | AY153: =+U153*0 -> 0 | AZ153: =+U153*0 -> 0 | BA153: =+U153*0 -> 0 | BB153: =+U153*0 -> 0 | BC153: =+U153*0 -> 0 | BD153: =+U153*0 -> 0 | BE153: =+U153*0 -> 0 | BF153: =+U153*0 -> 0 | BG153: =+U153*0 -> 0 | BH153: =+U153*0 -> 0
C154: 44412 | D154: 21081003P039 | E154: 1 | F154: Unit TP-Link 16 Port Gigabit Smart Switch | G154: 0.25 | N154: 2020000 | O154: =100%/G154 -> 4 | P154: =O154*12 -> 48 | Q154: =MONTH(C154) -> 8 | R154: =YEAR(C154) -> 2021 | S154: =IF(Q154=1, 12, Q154-1) -> 7 | T154: =IF(Q154=1,R154+O154-1,R154+O154) -> 2025 | U154: =N154/P154 -> 42083.333 | V154: 12 | W154: 17 | X154: =+V154*U154 -> 505000 | Y154: 715416.67 | Z154: =N154-Y154 -> 1304583.3 | AA154: =IF(W154>=P154-12,P154-W154,12) -> 12 | AB154: =+W154+AA154 -> 29 | AC154: =+AA154*U154 -> 505000 | AD154: =Y154+AC154 -> 1220416.7 | AE154: =N154-AD154 -> 799583.33 | AF154: =IF(AB154>=P154-12,P154-AB154,12) -> 12 | AG154: =+AB154+AF154 -> 41 | AH154: =+AF154*U154 -> 505000 | AI154: =AD154+AH154 -> 1725416.7 | AJ154: =N154-AI154 -> 294583.33 | AK154: =IF(AG154>=P154-12,P154-AG154,12) -> 7 | AL154: =+AG154+AK154 -> 48 | AM154: =+AK154*U154 -> 294583.33 | AN154: =AI154+AM154 -> 2020000 | AO154: =N154-AN154 -> 0 | AP154: =IF(AL154>=P154-12,P154-AL154,12) -> 0 | AQ154: =+AL154+AP154 -> 48 | AR154: =+AP154*Z154 -> 0 | AS154: =AN154+AR154 -> 2020000 | AT154: =N154-AS154 -> 0 | AV154: =SUM(AW154:BH154) -> 0 | AW154: =+U154*0 -> 0 | AX154: =+U154*0 -> 0 | AY154: =+U154*0 -> 0 | AZ154: =+U154*0 -> 0 | BA154: =+U154*0 -> 0 | BB154: =+U154*0 -> 0 | BC154: =+U154*0 -> 0 | BD154: =+U154*0 -> 0 | BE154: =+U154*0 -> 0 | BF154: =+U154*0 -> 0 | BG154: =+U154*0 -> 0 | BH154: =+U154*0 -> 0
C155: 44446 | D155: 21091003P017 | E155: 2 | F155: Unit Komputer Lenovo A10 | G155: 0.25 | N155: 12197000 | O155: =100%/G155 -> 4 | P155: =O155*12 -> 48 | Q155: =MONTH(C155) -> 9 | R155: =YEAR(C155) -> 2021 | S155: =IF(Q155=1, 12, Q155-1) -> 8 | T155: =IF(Q155=1,R155+O155-1,R155+O155) -> 2025 | U155: =N155/P155 -> 254104.17 | V155: 12 | W155: 16 | X155: =+V155*U155 -> 3049250 | Y155: 4065666.7 | Z155: =N155-Y155 -> 8131333.3 | AA155: =IF(W155>=P155-12,P155-W155,12) -> 12 | AB155: =+W155+AA155 -> 28 | AC155: =+AA155*U155 -> 3049250 | AD155: =Y155+AC155 -> 7114916.7 | AE155: =N155-AD155 -> 5082083.3 | AF155: =IF(AB155>=P155-12,P155-AB155,12) -> 12 | AG155: =+AB155+AF155 -> 40 | AH155: =+AF155*U155 -> 3049250 | AI155: =AD155+AH155 -> 10164167 | AJ155: =N155-AI155 -> 2032833.3 | AK155: =IF(AG155>=P155-12,P155-AG155,12) -> 8 | AL155: =+AG155+AK155 -> 48 | AM155: =+AK155*U155 -> 2032833.3 | AN155: =AI155+AM155 -> 12197000 | AO155: =N155-AN155 -> 0 | AP155: =IF(AL155>=P155-12,P155-AL155,12) -> 0 | AQ155: =+AL155+AP155 -> 48 | AR155: =+AP155*Z155 -> 0 | AS155: =AN155+AR155 -> 12197000 | AT155: =N155-AS155 -> 0 | AV155: =SUM(AW155:BH155) -> 0 | AW155: =+U155*0 -> 0 | AX155: =+U155*0 -> 0 | AY155: =+U155*0 -> 0 | AZ155: =+U155*0 -> 0 | BA155: =+U155*0 -> 0 | BB155: =+U155*0 -> 0 | BC155: =+U155*0 -> 0 | BD155: =+U155*0 -> 0 | BE155: =+U155*0 -> 0 | BF155: =+U155*0 -> 0 | BG155: =+U155*0 -> 0 | BH155: =+U155*0 -> 0
C156: 44456 | D156: 21092004P077 | E156: 1 | F156: Unit Printer Epson L-3210 | G156: 0.25 | N156: 2576100 | O156: =100%/G156 -> 4 | P156: =O156*12 -> 48 | Q156: =MONTH(C156) -> 9 | R156: =YEAR(C156) -> 2021 | S156: =IF(Q156=1, 12, Q156-1) -> 8 | T156: =IF(Q156=1,R156+O156-1,R156+O156) -> 2025 | U156: =N156/P156 -> 53668.75 | V156: 12 | W156: 16 | X156: =+V156*U156 -> 644025 | Y156: 858700 | Z156: =N156-Y156 -> 1717400 | AA156: =IF(W156>=P156-12,P156-W156,12) -> 12 | AB156: =+W156+AA156 -> 28 | AC156: =+AA156*U156 -> 644025 | AD156: =Y156+AC156 -> 1502725 | AE156: =N156-AD156 -> 1073375 | AF156: =IF(AB156>=P156-12,P156-AB156,12) -> 12 | AG156: =+AB156+AF156 -> 40 | AH156: =+AF156*U156 -> 644025 | AI156: =AD156+AH156 -> 2146750 | AJ156: =N156-AI156 -> 429350 | AK156: =IF(AG156>=P156-12,P156-AG156,12) -> 8 | AL156: =+AG156+AK156 -> 48 | AM156: =+AK156*U156 -> 429350 | AN156: =AI156+AM156 -> 2576100 | AO156: =N156-AN156 -> 0 | AP156: =IF(AL156>=P156-12,P156-AL156,12) -> 0 | AQ156: =+AL156+AP156 -> 48 | AR156: =+AP156*Z156 -> 0 | AS156: =AN156+AR156 -> 2576100 | AT156: =N156-AS156 -> 0 | AV156: =SUM(AW156:BH156) -> 0 | AW156: =+U156*0 -> 0 | AX156: =+U156*0 -> 0 | AY156: =+U156*0 -> 0 | AZ156: =+U156*0 -> 0 | BA156: =+U156*0 -> 0 | BB156: =+U156*0 -> 0 | BC156: =+U156*0 -> 0 | BD156: =+U156*0 -> 0 | BE156: =+U156*0 -> 0 | BF156: =+U156*0 -> 0 | BG156: =+U156*0 -> 0 | BH156: =+U156*0 -> 0
C157: 44459 | D157: 21092004P086 | E157: 1 | F157: License PB Appeon 50% | G157: 0.25 | N157: 50000000 | O157: 4 | P157: 48 | Q157: =MONTH(C157) -> 9 | R157: =YEAR(C157) -> 2021 | S157: =IF(Q157=1, 12, Q157-1) -> 8 | T157: =IF(Q157=1,R157+O157-1,R157+O157) -> 2025 | U157: =N157/P157 -> 1041666.7 | V157: 12 | W157: 16 | X157: =+V157*U157 -> 12500000 | Y157: 16666667 | Z157: =N157-Y157 -> 33333333 | AA157: =IF(W157>=P157-12,P157-W157,12) -> 12 | AB157: =+W157+AA157 -> 28 | AC157: =+AA157*U157 -> 12500000 | AD157: =Y157+AC157 -> 29166667 | AE157: =N157-AD157 -> 20833333 | AF157: =IF(AB157>=P157-12,P157-AB157,12) -> 12 | AG157: =+AB157+AF157 -> 40 | AH157: =+AF157*U157 -> 12500000 | AI157: =AD157+AH157 -> 41666667 | AJ157: =N157-AI157 -> 8333333.3 | AK157: =IF(AG157>=P157-12,P157-AG157,12) -> 8 | AL157: =+AG157+AK157 -> 48 | AM157: =+AK157*U157 -> 8333333.3 | AN157: =AI157+AM157 -> 50000000 | AO157: =N157-AN157 -> 0 | AP157: =IF(AL157>=P157-12,P157-AL157,12) -> 0 | AQ157: =+AL157+AP157 -> 48 | AR157: =+AP157*Z157 -> 0 | AS157: =AN157+AR157 -> 50000000 | AT157: =N157-AS157 -> 0 | AV157: =SUM(AW157:BH157) -> 0 | AW157: =+U157*0 -> 0 | AX157: =+U157*0 -> 0 | AY157: =+U157*0 -> 0 | AZ157: =+U157*0 -> 0 | BA157: =+U157*0 -> 0 | BB157: =+U157*0 -> 0 | BC157: =+U157*0 -> 0 | BD157: =+U157*0 -> 0 | BE157: =+U157*0 -> 0 | BF157: =+U157*0 -> 0 | BG157: =+U157*0 -> 0 | BH157: =+U157*0 -> 0
C158: 44482 | D158: 21102004P044 | E158: 1 | F158: License PB Appeon sisa 50% Lunas | G158: 0.25 | N158: 50000000 | O158: 4 | P158: 48 | Q158: =MONTH(C158) -> 10 | R158: =YEAR(C158) -> 2021 | S158: =IF(Q158=1, 12, Q158-1) -> 9 | T158: =IF(Q158=1,R158+O158-1,R158+O158) -> 2025 | U158: =N158/P158 -> 1041666.7 | V158: 12 | W158: 15 | X158: =+V158*U158 -> 12500000 | Y158: 15625000 | Z158: =N158-Y158 -> 34375000 | AA158: =IF(W158>=P158-12,P158-W158,12) -> 12 | AB158: =+W158+AA158 -> 27 | AC158: =+AA158*U158 -> 12500000 | AD158: =Y158+AC158 -> 28125000 | AE158: =N158-AD158 -> 21875000 | AF158: =IF(AB158>=P158-12,P158-AB158,12) -> 12 | AG158: =+AB158+AF158 -> 39 | AH158: =+AF158*U158 -> 12500000 | AI158: =AD158+AH158 -> 40625000 | AJ158: =N158-AI158 -> 9375000 | AK158: =IF(AG158>=P158-12,P158-AG158,12) -> 9 | AL158: =+AG158+AK158 -> 48 | AM158: =+AK158*U158 -> 9375000 | AN158: =AI158+AM158 -> 50000000 | AO158: =N158-AN158 -> 0 | AP158: =IF(AL158>=P158-12,P158-AL158,12) -> 0 | AQ158: =+AL158+AP158 -> 48 | AR158: =+AP158*Z158 -> 0 | AS158: =AN158+AR158 -> 50000000 | AT158: =N158-AS158 -> 0 | AV158: =SUM(AW158:BH158) -> 0 | AW158: =+U158*0 -> 0 | AX158: =+U158*0 -> 0 | AY158: =+U158*0 -> 0 | AZ158: =+U158*0 -> 0 | BA158: =+U158*0 -> 0 | BB158: =+U158*0 -> 0 | BC158: =+U158*0 -> 0 | BD158: =+U158*0 -> 0 | BE158: =+U158*0 -> 0 | BF158: =+U158*0 -> 0 | BG158: =+U158*0 -> 0 | BH158: =+U158*0 -> 0
C159: 44530 | D159: 21112004P122 | E159: 1 | F159: Unit Komputer Lenovo A.10A340 | G159: 0.25 | N159: 8525000 | O159: =100%/G159 -> 4 | P159: =O159*12 -> 48 | Q159: =MONTH(C159) -> 11 | R159: =YEAR(C159) -> 2021 | S159: =IF(Q159=1, 12, Q159-1) -> 10 | T159: =IF(Q159=1,R159+O159-1,R159+O159) -> 2025 | U159: =N159/P159 -> 177604.17 | V159: 12 | W159: 14 | X159: =+V159*U159 -> 2131250 | Y159: 2486458.3 | Z159: =N159-Y159 -> 6038541.7 | AA159: =IF(W159>=P159-12,P159-W159,12) -> 12 | AB159: =+W159+AA159 -> 26 | AC159: =+AA159*U159 -> 2131250 | AD159: =Y159+AC159 -> 4617708.3 | AE159: =N159-AD159 -> 3907291.7 | AF159: =IF(AB159>=P159-12,P159-AB159,12) -> 12 | AG159: =+AB159+AF159 -> 38 | AH159: =+AF159*U159 -> 2131250 | AI159: =AD159+AH159 -> 6748958.3 | AJ159: =N159-AI159 -> 1776041.7 | AK159: =IF(AG159>=P159-12,P159-AG159,12) -> 10 | AL159: =+AG159+AK159 -> 48 | AM159: =+AK159*U159 -> 1776041.7 | AN159: =AI159+AM159 -> 8525000 | AO159: =N159-AN159 -> 0 | AP159: =IF(AL159>=P159-12,P159-AL159,12) -> 0 | AQ159: =+AL159+AP159 -> 48 | AR159: =+AP159*Z159 -> 0 | AS159: =AN159+AR159 -> 8525000 | AT159: =N159-AS159 -> 0 | AV159: =SUM(AW159:BH159) -> 0 | AW159: =+U159*0 -> 0 | AX159: =+U159*0 -> 0 | AY159: =+U159*0 -> 0 | AZ159: =+U159*0 -> 0 | BA159: =+U159*0 -> 0 | BB159: =+U159*0 -> 0 | BC159: =+U159*0 -> 0 | BD159: =+U159*0 -> 0 | BE159: =+U159*0 -> 0 | BF159: =+U159*0 -> 0 | BG159: =+U159*0 -> 0 | BH159: =+U159*0 -> 0
C160: 44552 | D160: 21122004P078 | E160: 1 | F160: RAM Server DIMM 16GB PC2400 SK HYNIX | G160: 0.25 | N160: 2961900 | O160: =100%/G160 -> 4 | P160: =O160*12 -> 48 | Q160: =MONTH(C160) -> 12 | R160: =YEAR(C160) -> 2021 | S160: =IF(Q160=1, 12, Q160-1) -> 11 | T160: =IF(Q160=1,R160+O160-1,R160+O160) -> 2025 | U160: =N160/P160 -> 61706.25 | V160: 12 | W160: 13 | X160: =+V160*U160 -> 740475 | Y160: 802181.25 | Z160: =N160-Y160 -> 2159718.8 | AA160: =IF(W160>=P160-12,P160-W160,12) -> 12 | AB160: =+W160+AA160 -> 25 | AC160: =+AA160*U160 -> 740475 | AD160: =Y160+AC160 -> 1542656.2 | AE160: =N160-AD160 -> 1419243.8 | AF160: =IF(AB160>=P160-12,P160-AB160,12) -> 12 | AG160: =+AB160+AF160 -> 37 | AH160: =+AF160*U160 -> 740475 | AI160: =AD160+AH160 -> 2283131.2 | AJ160: =N160-AI160 -> 678768.75 | AK160: =IF(AG160>=P160-12,P160-AG160,12) -> 11 | AL160: =+AG160+AK160 -> 48 | AM160: =+AK160*U160 -> 678768.75 | AN160: =AI160+AM160 -> 2961900 | AO160: =N160-AN160 -> 0 | AP160: =IF(AL160>=P160-12,P160-AL160,12) -> 0 | AQ160: =+AL160+AP160 -> 48 | AR160: =+AP160*Z160 -> 0 | AS160: =AN160+AR160 -> 2961900 | AT160: =N160-AS160 -> 0 | AV160: =SUM(AW160:BH160) -> 0 | AW160: =+U160*0 -> 0 | AX160: =+U160*0 -> 0 | AY160: =+U160*0 -> 0 | AZ160: =+U160*0 -> 0 | BA160: =+U160*0 -> 0 | BB160: =+U160*0 -> 0 | BC160: =+U160*0 -> 0 | BD160: =+U160*0 -> 0 | BE160: =+U160*0 -> 0 | BF160: =+U160*0 -> 0 | BG160: =+U160*0 -> 0 | BH160: =+U160*0 -> 0
N162: =SUM(N144:N161) -> 232334000 | U162: =SUM(U144:U161) -> 4840291.7 | X162: =SUM(X144:X161) -> 58083500 | Y162: =SUM(Y144:Y161) -> 83752027 | Z162: =SUM(Z144:Z161) -> 1.4858197e+08 | AC162: =SUM(AC144:AC161) -> 58083500 | AD162: =SUM(AD144:AD161) -> 1.4183553e+08 | AE162: =SUM(AE144:AE161) -> 90498473 | AH162: =SUM(AH144:AH161) -> 58083500 | AI162: =SUM(AI144:AI161) -> 1.9991903e+08 | AJ162: =SUM(AJ144:AJ161) -> 32414973 | AM162: =SUM(AM144:AM161) -> 32414973 | AN162: =SUM(AN144:AN161) -> 232334000 | AO162: =SUM(AO144:AO161) -> 0 | AR162: =SUM(AR144:AR161) -> 0 | AS162: =SUM(AS144:AS161) -> 232334000 | AT162: =SUM(AT144:AT161) -> 0 | AV162: =SUM(AV144:AV161) -> 0 | AW162: =SUM(AW144:AW161) -> 0 | AX162: =SUM(AX144:AX161) -> 0 | AY162: =SUM(AY144:AY161) -> 0 | AZ162: =SUM(AZ144:AZ161) -> 0 | BA162: =SUM(BA144:BA161) -> 0 | BB162: =SUM(BB144:BB161) -> 0 | BC162: =SUM(BC144:BC161) -> 0 | ... BH162: =SUM(BH144:BH161) -> 0
C164: 44575 | D164: 22012004P047 | E164: 2 | F164: Unit AC Merk GREE | G164: 0.25 | N164: 12100000 | O164: =100%/G164 -> 4 | P164: =O164*12 -> 48 | Q164: =MONTH(C164) -> 1 | R164: =YEAR(C164) -> 2022 | S164: =IF(Q164=1, 12, Q164-1) -> 12 | T164: =IF(Q164=1,R164+O164-1,R164+O164) -> 2025 | U164: =N164/P164 -> 252083.33 | V164: 12 | W164: 12 | X164: =+V164*U164 -> 3025000 | Y164: 3025000 | Z164: =N164-Y164 -> 9075000 | AA164: =IF(W164>=P164-12,P164-W164,12) -> 12 | AB164: =+W164+AA164 -> 24 | AC164: =+AA164*U164 -> 3025000 | AD164: =Y164+AC164 -> 6050000 | AE164: =N164-AD164 -> 6050000 | AF164: =IF(AB164>=P164-12,P164-AB164,12) -> 12 | AG164: =+AB164+AF164 -> 36 | AH164: =+AF164*U164 -> 3025000 | AI164: =AD164+AH164 -> 9075000 | AJ164: =N164-AI164 -> 3025000 | AK164: =IF(AG164>=P164-12,P164-AG164,12) -> 12 | AL164: =+AG164+AK164 -> 48 | AM164: =+AK164*U164 -> 3025000 | AN164: =AI164+AM164 -> 12100000 | AO164: =N164-AN164 -> 0 | AP164: =IF(AL164>=P164-12,P164-AL164,12) -> 0 | AQ164: =+AL164+AP164 -> 48 | AR164: =+AP164*U164 -> 0 | AS164: =AN164+AR164 -> 12100000 | AT164: =N164-AS164 -> 0 | AV164: =SUM(AW164:BH164) -> 0 | AW164: =+U164*0 -> 0 | AX164: =+U164*0 -> 0 | AY164: =+U164*0 -> 0 | AZ164: =+U164*0 -> 0 | BA164: =+U164*0 -> 0 | BB164: =+U164*0 -> 0 | BC164: =+U164*0 -> 0 | BD164: =+U164*0 -> 0 | BE164: =+U164*0 -> 0 | BF164: =+U164*0 -> 0 | BG164: =+U164*0 -> 0 | BH164: =+U164*0 -> 0
C165: 44651 | D165: 22031003P188 | E165: 1 | F165: Unit Tangga Multiporse 4x4 Step | G165: 0.25 | N165: 1878000 | O165: =100%/G165 -> 4 | P165: =O165*12 -> 48 | Q165: =MONTH(C165) -> 3 | R165: =YEAR(C165) -> 2022 | S165: =IF(Q165=1, 12, Q165-1) -> 2 | T165: =IF(Q165=1,R165+O165-1,R165+O165) -> 2026 | U165: =N165/P165 -> 39125 | V165: 10 | W165: 10 | X165: =+V165*U165 -> 391250 | Y165: 391250 | Z165: =N165-Y165 -> 1486750 | AA165: =IF(W165>=P165-12,P165-W165,12) -> 12 | AB165: =+W165+AA165 -> 22 | AC165: =+AA165*U165 -> 469500 | AD165: =Y165+AC165 -> 860750 | AE165: =N165-AD165 -> 1017250 | AF165: =IF(AB165>=P165-12,P165-AB165,12) -> 12 | AG165: =+AB165+AF165 -> 34 | AH165: =+AF165*U165 -> 469500 | AI165: =AD165+AH165 -> 1330250 | AJ165: =N165-AI165 -> 547750 | AK165: =IF(AG165>=P165-12,P165-AG165,12) -> 12 | AL165: =+AG165+AK165 -> 46 | AM165: =+AK165*U165 -> 469500 | AN165: =AI165+AM165 -> 1799750 | AO165: =N165-AN165 -> 78250 | AP165: =IF(AL165>=P165-12,P165-AL165,12) -> 2 | AQ165: =+AL165+AP165 -> 48 | AR165: =+AP165*U165 -> 78250 | AS165: =AN165+AR165 -> 1878000 | AT165: =N165-AS165 -> 0 | AV165: =SUM(AW165:BH165) -> 78250 | AW165: =+U165*1 -> 39125 | AX165: =+U165*1 -> 39125 | AY165: =+U165*0 -> 0 | AZ165: =+U165*0 -> 0 | BA165: =+U165*0 -> 0 | BB165: =+U165*0 -> 0 | BC165: =+U165*0 -> 0 | BD165: =+U165*0 -> 0 | BE165: =+U165*0 -> 0 | BF165: =+U165*0 -> 0 | BG165: =+U165*0 -> 0 | BH165: =+U165*0 -> 0
C166: 44749 | D166: 22072004P039 | E166: 1 | F166: Unit AC Merk PANASONIC 2 PK | G166: 0.25 | N166: 9245000 | O166: =100%/G166 -> 4 | P166: =O166*12 -> 48 | Q166: =MONTH(C166) -> 7 | R166: =YEAR(C166) -> 2022 | S166: =IF(Q166=1, 12, Q166-1) -> 6 | T166: =IF(Q166=1,R166+O166-1,R166+O166) -> 2026 | U166: =N166/P166 -> 192604.17 | V166: 6 | W166: 6 | X166: =+V166*U166 -> 1155625 | Y166: 1155625 | Z166: =N166-Y166 -> 8089375 | AA166: =IF(W166>=P166-12,P166-W166,12) -> 12 | AB166: =+W166+AA166 -> 18 | AC166: =+AA166*U166 -> 2311250 | AD166: =Y166+AC166 -> 3466875 | AE166: =N166-AD166 -> 5778125 | AF166: =IF(AB166>=P166-12,P166-AB166,12) -> 12 | AG166: =+AB166+AF166 -> 30 | AH166: =+AF166*U166 -> 2311250 | AI166: =AD166+AH166 -> 5778125 | AJ166: =N166-AI166 -> 3466875 | AK166: =IF(AG166>=P166-12,P166-AG166,12) -> 12 | AL166: =+AG166+AK166 -> 42 | AM166: =+AK166*U166 -> 2311250 | AN166: =AI166+AM166 -> 8089375 | AO166: =N166-AN166 -> 1155625 | AP166: =IF(AL166>=P166-12,P166-AL166,12) -> 6 | AQ166: =+AL166+AP166 -> 48 | AR166: =+AP166*U166 -> 1155625 | AS166: =AN166+AR166 -> 9245000 | AT166: =N166-AS166 -> 0 | AV166: =SUM(AW166:BH166) -> 1155625 | AW166: =+U166*1 -> 192604.17 | AX166: =+U166*1 -> 192604.17 | AY166: =+U166*1 -> 192604.17 | AZ166: =+U166*1 -> 192604.17 | BA166: =+U166*1 -> 192604.17 | BB166: =+U166*1 -> 192604.17 | BC166: =+U166*0 -> 0 | BD166: =+U166*0 -> 0 | BE166: =+U166*0 -> 0 | BF166: =+U166*0 -> 0 | BG166: =+U166*0 -> 0 | BH166: =+U166*0 -> 0
C167: 44792 | D167: 22082004P111 | E167: 1 | F167: Unit Printer Epson L-3210 | G167: 0.25 | N167: 2508600 | O167: =100%/G167 -> 4 | P167: =O167*12 -> 48 | Q167: =MONTH(C167) -> 8 | R167: =YEAR(C167) -> 2022 | S167: =IF(Q167=1, 12, Q167-1) -> 7 | T167: =IF(Q167=1,R167+O167-1,R167+O167) -> 2026 | U167: =N167/P167 -> 52262.5 | V167: 5 | W167: 5 | X167: =+V167*U167 -> 261312.5 | Y167: 261312.5 | Z167: =N167-Y167 -> 2247287.5 | AA167: =IF(W167>=P167-12,P167-W167,12) -> 12 | AB167: =+W167+AA167 -> 17 | AC167: =+AA167*U167 -> 627150 | AD167: =Y167+AC167 -> 888462.5 | AE167: =N167-AD167 -> 1620137.5 | AF167: =IF(AB167>=P167-12,P167-AB167,12) -> 12 | AG167: =+AB167+AF167 -> 29 | AH167: =+AF167*U167 -> 627150 | AI167: =AD167+AH167 -> 1515612.5 | AJ167: =N167-AI167 -> 992987.5 | AK167: =IF(AG167>=P167-12,P167-AG167,12) -> 12 | AL167: =+AG167+AK167 -> 41 | AM167: =+AK167*U167 -> 627150 | AN167: =AI167+AM167 -> 2142762.5 | AO167: =N167-AN167 -> 365837.5 | AP167: =IF(AL167>=P167-12,P167-AL167,12) -> 7 | AQ167: =+AL167+AP167 -> 48 | AR167: =+AP167*U167 -> 365837.5 | AS167: =AN167+AR167 -> 2508600 | AT167: =N167-AS167 -> 0 | AV167: =SUM(AW167:BH167) -> 365837.5 | AW167: =+U167*1 -> 52262.5 | AX167: =+U167*1 -> 52262.5 | AY167: =+U167*1 -> 52262.5 | AZ167: =+U167*1 -> 52262.5 | BA167: =+U167*1 -> 52262.5 | BB167: =+U167*1 -> 52262.5 | BC167: =+U167*1 -> 52262.5 | BD167: =+U167*0 -> 0 | BE167: =+U167*0 -> 0 | BF167: =+U167*0 -> 0 | BG167: =+U167*0 -> 0 | BH167: =+U167*0 -> 0
